Loan_ID,Customer_ID,Application_Date,Loan_Type,Loan_Amount,Interest_Rate,Loan_Term_Months,Annual_Income,Employment_Type,Credit_Score,Age,Gender,Marital_Status,Region,Branch,Loan_Status,Default_Status,EMI,Total_Interest
L00001,C1001,2025-10-15,Auto,407473,8.7,84,2354301,Salaried,657,55,Female,Married,North,Delhi,Rejected,No,5272.89,248151.06
L00002,C1002,2025-11-06,Auto,743143,9.2,84,354515,Self-Employed,794,23,Female,Married,West,Ahmedabad,Pending,No,9660.86,478584.09
L00003,C1003,2025-07-14,Business,2921590,12.3,180,2759357,Self-Employed,812,50,Female,Married,West,Mumbai,Approved,No,18227.48,5390333.55
L00004,C1004,2025-10-13,Personal,660086,13.6,60,2539572,Salaried,779,41,Male,Married,East,Bhubaneswar,Approved,No,12497.63,448858.48
L00005,C1005,2025-05-07,Education,529963,7.9,96,2545973,Business Owner,616,56,Female,Single,North,Jaipur,Rejected,No,5956.56,334936.62
L00006,C1006,2025-11-02,Personal,214975,12.5,60,1460410,Self-Employed,730,54,Female,Married,West,Pune,Approved,No,4030.78,134359.38
L00007,C1007,2025-04-02,Business,967883,12.9,180,2538291,Business Owner,796,27,Female,Married,North,Lucknow,Approved,No,6070.78,1872853.6
L00008,C1008,2025-05-04,Personal,120422,12.0,60,4824639,Business Owner,844,26,Male,Single,South,Bengaluru,Approved,No,2247.88,72253.2
L00009,C1009,2025-04-13,Personal,653306,13.9,60,1377025,Business Owner,768,40,Female,Single,North,Lucknow,Approved,No,12401.93,454047.67
L00010,C1010,2025-02-06,Education,222056,8.3,96,1315056,Business Owner,663,36,Female,Single,West,Ahmedabad,Approved,No,2505.07,147445.18
L00011,C1011,2025-06-23,Personal,198907,13.9,60,4265051,Salaried,662,36,Male,Married,South,Hyderabad,Approved,Yes,3775.92,138240.37
L00012,C1012,2025-09-06,Education,664656,7.0,96,1839209,Self-Employed,671,34,Female,Married,West,Mumbai,Approved,Yes,7408.15,372207.36
L00013,C1013,2025-01-30,Home,2708443,7.8,240,3575095,Salaried,667,58,Female,Married,South,Bengaluru,Pending,No,12165.42,4225171.08
L00014,C1014,2025-12-03,Home,1085048,9.4,240,1858812,Business Owner,617,57,Female,Single,North,Lucknow,Rejected,No,4946.01,2039890.24
L00015,C1015,2025-04-20,Auto,1004318,8.6,84,2302242,Business Owner,667,37,Male,Single,South,Hyderabad,Approved,Yes,12984.4,604599.44
L00016,C1016,2025-03-10,Auto,869605,9.1,84,2690647,Self-Employed,640,28,Male,Married,North,Delhi,Rejected,No,11294.51,553938.39
L00017,C1017,2025-05-22,Business,1353949,12.7,180,2066889,Salaried,783,21,Female,Married,East,Bhubaneswar,Approved,No,8477.23,2579272.85
L00018,C1018,2025-10-10,Education,317308,7.1,96,4927830,Salaried,780,48,Male,Married,East,Kolkata,Approved,No,3539.97,180230.94
L00019,C1019,2025-03-25,Home,1846603,9.3,240,3301521,Salaried,653,47,Male,Married,East,Bhubaneswar,Rejected,No,8409.74,3434681.58
L00020,C1020,2025-04-25,Personal,333238,14.5,60,2538128,Salaried,640,33,Female,Single,East,Bhubaneswar,Rejected,No,6359.29,241597.55
L00021,C1021,2025-05-16,Auto,1012526,10.4,84,3245627,Salaried,764,27,Female,Single,East,Kolkata,Approved,No,13307.48,737118.93
L00022,C1022,2025-12-10,Business,2918385,10.0,180,4590127,Salaried,629,44,Female,Married,East,Bhubaneswar,Rejected,No,17834.58,4377577.5
L00023,C1023,2025-12-13,Auto,624308,8.8,84,1345432,Business Owner,784,32,Female,Single,East,Patna,Approved,No,8086.28,384573.73
L00024,C1024,2025-09-21,Auto,763246,10.4,84,2063140,Business Owner,710,60,Female,Married,North,Jaipur,Pending,No,10031.23,555643.09
L00025,C1025,2025-10-22,Auto,325611,10.0,84,2184422,Salaried,806,45,Female,Single,South,Hyderabad,Approved,No,4263.95,227927.7
L00026,C1026,2025-12-08,Home,2583192,7.6,240,1194119,Business Owner,799,56,Female,Single,South,Chennai,Approved,No,11581.31,3926451.84
L00027,C1027,2025-05-27,Education,459249,7.5,96,1635113,Salaried,790,38,Female,Single,West,Ahmedabad,Approved,No,5142.63,275549.4
L00028,C1028,2025-10-22,Personal,535020,12.7,60,2239961,Self-Employed,698,51,Male,Single,North,Delhi,Approved,No,10049.46,339737.7
L00029,C1029,2025-08-28,Education,486193,8.6,96,4814921,Salaried,791,60,Male,Single,East,Bhubaneswar,Approved,No,5500.06,334500.78
L00030,C1030,2025-08-04,Education,472793,8.8,96,1438329,Self-Employed,821,26,Female,Married,North,Delhi,Approved,No,5358.32,332846.27
L00031,C1031,2025-04-22,Personal,309044,11.5,60,875612,Self-Employed,799,37,Female,Married,North,Jaipur,Approved,No,5743.07,177700.3
L00032,C1032,2025-12-23,Auto,903766,9.7,84,1206798,Self-Employed,748,59,Male,Married,North,Delhi,Approved,No,11802.75,613657.11
L00033,C1033,2025-12-29,Education,213266,8.3,96,3408573,Salaried,617,48,Male,Single,East,Patna,Rejected,No,2405.91,141608.62
L00034,C1034,2025-04-04,Education,492477,7.8,96,2551464,Self-Employed,682,34,Female,Single,West,Pune,Pending,No,5530.11,307305.65
L00035,C1035,2025-09-09,Business,2666891,11.5,180,2617508,Self-Employed,742,22,Male,Single,East,Bhubaneswar,Approved,No,16519.91,4600386.98
L00036,C1036,2025-05-09,Personal,460455,12.1,60,2868642,Salaried,769,28,Male,Single,South,Bengaluru,Approved,No,8602.83,278575.28
L00037,C1037,2025-06-04,Business,3597932,12.9,180,1853149,Salaried,649,55,Male,Single,North,Lucknow,Rejected,No,22567.03,6961998.42
L00038,C1038,2025-01-27,Business,3175419,11.7,180,2750619,Self-Employed,778,51,Male,Married,North,Delhi,Approved,No,19705.24,5572860.34
L00039,C1039,2025-04-26,Home,1425780,9.5,240,749705,Business Owner,638,45,Female,Single,West,Pune,Rejected,No,6505.12,2708982.0
L00040,C1040,2025-03-22,Education,304053,7.5,96,2861715,Salaried,745,47,Female,Single,East,Patna,Approved,No,3404.76,182431.8
L00041,C1041,2025-08-06,Personal,344762,14.7,60,2716798,Salaried,780,55,Male,Married,East,Kolkata,Approved,No,6590.7,253400.07
L00042,C1042,2025-10-04,Home,2090217,8.4,240,800280,Self-Employed,642,49,Male,Married,East,Kolkata,Rejected,No,9440.81,3511564.56
L00043,C1043,2025-05-23,Auto,1007053,8.9,84,2400238,Salaried,606,58,Female,Single,West,Ahmedabad,Rejected,No,13055.72,627394.02
L00044,C1044,2025-08-21,Auto,409680,9.8,84,3725472,Salaried,685,41,Female,Single,North,Jaipur,Approved,No,5355.1,281040.48
L00045,C1045,2025-05-28,Business,2233285,12.3,180,309655,Self-Employed,768,52,Male,Married,North,Jaipur,Approved,No,13933.22,4120410.82
L00046,C1046,2025-09-13,Personal,335615,14.3,60,2906761,Business Owner,741,39,Female,Single,South,Hyderabad,Approved,No,6393.47,239964.73
L00047,C1047,2025-09-17,Personal,243139,14.7,60,4131802,Self-Employed,741,21,Female,Single,West,Pune,Approved,No,4648.01,178707.16
L00048,C1048,2025-04-30,Education,769827,8.4,96,4817941,Self-Employed,723,23,Female,Single,West,Mumbai,Approved,No,8692.63,517323.74
L00049,C1049,2025-07-29,Personal,205239,13.9,60,4455117,Business Owner,846,30,Male,Single,West,Pune,Approved,No,3896.12,142641.11
L00050,C1050,2025-11-13,Business,1878103,11.9,180,3634331,Salaried,766,36,Female,Married,East,Bhubaneswar,Approved,No,11675.54,3352413.85
L00051,C1051,2025-10-17,Home,1497784,8.1,240,1143115,Business Owner,713,32,Male,Married,North,Jaipur,Pending,No,6746.27,2426410.08
L00052,C1052,2025-03-22,Education,466314,8.8,96,2320226,Salaried,727,49,Female,Single,North,Lucknow,Approved,No,5284.89,328285.06
L00053,C1053,2025-12-04,Auto,703380,9.6,84,4132216,Self-Employed,816,38,Male,Married,West,Ahmedabad,Approved,No,9177.43,472671.36
L00054,C1054,2025-03-09,Personal,201883,13.3,60,3255482,Salaried,656,39,Female,Single,West,Pune,Rejected,No,3812.22,134252.2
L00055,C1055,2025-06-23,Personal,272537,14.0,60,4824880,Salaried,824,50,Male,Married,South,Chennai,Approved,No,5178.2,190775.9
L00056,C1056,2025-02-25,Education,214594,8.3,96,4975077,Business Owner,693,35,Female,Married,South,Hyderabad,Pending,No,2420.89,142490.42
L00057,C1057,2025-10-03,Personal,222343,11.4,60,830302,Salaried,762,45,Female,Single,East,Patna,Approved,No,4128.17,126735.51
L00058,C1058,2025-02-20,Personal,393328,14.4,60,3780303,Business Owner,767,44,Female,Married,West,Ahmedabad,Approved,No,7499.45,283196.16
L00059,C1059,2025-10-11,Personal,122394,11.8,60,1324749,Salaried,842,58,Male,Married,West,Pune,Approved,No,2280.61,72212.46
L00060,C1060,2025-01-09,Business,1045226,12.6,180,323786,Salaried,670,37,Male,Married,East,Kolkata,Pending,No,6538.47,1975477.14
L00061,C1061,2025-12-04,Home,2680202,8.4,240,833163,Business Owner,721,40,Female,Married,West,Ahmedabad,Approved,No,12105.58,4502739.36
L00062,C1062,2025-10-27,Education,665108,7.3,96,3875842,Business Owner,775,41,Female,Single,North,Jaipur,Approved,No,7433.97,388423.07
L00063,C1063,2025-02-18,Business,3246065,12.7,180,3908773,Self-Employed,625,48,Female,Single,West,Ahmedabad,Rejected,No,20323.97,6183753.83
L00064,C1064,2025-03-04,Education,301255,8.1,96,863155,Self-Employed,623,43,Female,Married,East,Kolkata,Rejected,No,3392.26,195213.24
L00065,C1065,2025-04-26,Auto,462246,9.6,84,3249822,Self-Employed,626,56,Male,Single,East,Patna,Rejected,No,6031.21,310629.31
L00066,C1066,2025-09-29,Auto,306402,8.8,84,2891951,Salaried,835,45,Female,Single,North,Delhi,Approved,No,3968.64,188743.63
L00067,C1067,2025-08-06,Auto,895164,8.6,84,2914203,Self-Employed,784,59,Female,Single,East,Kolkata,Approved,No,11573.19,538888.73
L00068,C1068,2025-04-19,Business,965105,10.1,180,1254770,Salaried,688,37,Female,Single,East,Kolkata,Pending,No,5903.23,1462134.07
L00069,C1069,2025-08-12,Education,441288,7.8,96,3912596,Salaried,644,50,Male,Single,North,Delhi,Rejected,No,4955.3,275363.71
L00070,C1070,2025-10-29,Education,540544,8.8,96,3803870,Self-Employed,674,54,Male,Single,West,Ahmedabad,Approved,Yes,6126.17,380542.98
L00071,C1071,2025-05-01,Auto,835280,9.2,84,2158681,Salaried,685,30,Female,Married,East,Patna,Approved,No,10858.64,537920.32
L00072,C1072,2025-11-18,Personal,570711,12.3,60,932109,Self-Employed,645,30,Female,Married,South,Hyderabad,Rejected,No,10681.81,350987.27
L00073,C1073,2025-02-16,Auto,831981,9.2,84,2604129,Business Owner,751,59,Female,Single,West,Pune,Approved,No,10815.75,535795.76
L00074,C1074,2025-01-21,Business,2602886,12.7,180,1879067,Salaried,682,49,Female,Married,North,Jaipur,Approved,No,16296.96,4958497.83
L00075,C1075,2025-06-20,Auto,926928,9.9,84,3549885,Salaried,704,58,Male,Single,East,Bhubaneswar,Approved,No,12127.31,642361.1
L00076,C1076,2025-09-27,Education,594976,8.5,96,1381724,Salaried,752,48,Female,Married,East,Patna,Approved,No,6724.47,404583.68
L00077,C1077,2025-12-05,Personal,262471,14.3,60,2096778,Self-Employed,687,60,Male,Single,East,Bhubaneswar,Approved,No,5000.07,187666.77
L00078,C1078,2025-05-03,Personal,349068,11.9,60,1688643,Self-Employed,784,51,Male,Single,South,Chennai,Approved,No,6510.12,207695.46
L00079,C1079,2025-12-31,Auto,1156572,9.5,84,3503378,Business Owner,728,28,Female,Married,West,Pune,Approved,No,15076.74,769120.38
L00080,C1080,2025-02-11,Education,673041,7.7,96,4606314,Self-Employed,637,35,Male,Single,South,Bengaluru,Rejected,No,7550.68,414593.26
L00081,C1081,2025-04-21,Auto,1170068,9.7,84,1525150,Salaried,635,56,Female,Married,North,Lucknow,Rejected,No,15280.53,794476.17
L00082,C1082,2025-05-04,Auto,969989,9.7,84,1322138,Business Owner,612,30,Female,Single,East,Kolkata,Rejected,No,12667.59,658622.53
L00083,C1083,2025-10-11,Auto,996643,9.6,84,2317999,Salaried,746,45,Female,Married,North,Lucknow,Approved,No,13003.82,669744.1
L00084,C1084,2025-12-23,Auto,552838,9.2,84,436249,Self-Employed,691,32,Male,Married,West,Pune,Pending,No,7186.89,356027.67
L00085,C1085,2025-05-27,Auto,630926,9.4,84,1991067,Self-Employed,611,24,Female,Single,West,Mumbai,Rejected,No,8217.06,415149.31
L00086,C1086,2025-08-06,Education,395892,7.5,96,3655625,Salaried,790,48,Male,Single,North,Jaipur,Approved,No,4433.17,237535.2
L00087,C1087,2025-08-11,Home,2040003,8.9,240,3050791,Self-Employed,769,24,Male,Single,East,Kolkata,Approved,No,9256.51,3631205.34
L00088,C1088,2025-12-14,Personal,347459,13.4,60,561226,Self-Employed,636,44,Female,Single,East,Patna,Rejected,No,6566.98,232797.53
L00089,C1089,2025-05-15,Personal,361736,14.7,60,4741431,Self-Employed,693,49,Male,Single,North,Lucknow,Approved,No,6915.19,265875.96
L00090,C1090,2025-10-09,Home,1110596,9.1,240,1438572,Business Owner,818,39,Female,Married,West,Mumbai,Approved,No,5048.58,2021284.72
L00091,C1091,2025-11-10,Business,3822164,11.7,180,2181075,Salaried,631,25,Female,Single,South,Bengaluru,Rejected,No,23718.65,6707897.82
L00092,C1092,2025-10-28,Education,277767,8.7,96,3734577,Salaried,810,29,Female,Married,West,Ahmedabad,Approved,No,3145.13,193325.83
L00093,C1093,2025-10-10,Personal,462831,11.8,60,2851181,Self-Employed,642,29,Female,Married,North,Lucknow,Rejected,No,8624.08,273070.29
L00094,C1094,2025-08-02,Business,2863985,11.9,180,1593475,Business Owner,643,22,Female,Single,South,Hyderabad,Rejected,No,17804.44,5112213.23
L00095,C1095,2025-06-26,Personal,265759,12.3,60,3706551,Self-Employed,676,29,Female,Married,East,Bhubaneswar,Pending,No,4974.12,163441.79
L00096,C1096,2025-10-23,Education,301514,7.5,96,1327788,Business Owner,668,41,Male,Married,East,Kolkata,Approved,No,3376.33,180908.4
L00097,C1097,2025-09-11,Education,294423,7.7,96,4483899,Business Owner,825,51,Female,Married,West,Ahmedabad,Approved,No,3303.06,181364.57
L00098,C1098,2025-09-16,Personal,147440,11.3,60,2518559,Self-Employed,786,56,Female,Married,North,Jaipur,Approved,No,2735.01,83303.6
L00099,C1099,2025-08-31,Education,351275,7.1,96,3430614,Business Owner,803,50,Male,Married,South,Chennai,Approved,No,3918.91,199524.2
L00100,C1100,2025-08-02,Auto,652713,9.1,84,1663165,Business Owner,700,40,Male,Single,East,Patna,Approved,No,8477.5,415778.18
L00101,C1101,2025-01-17,Business,2947474,11.9,180,2208770,Business Owner,784,28,Male,Married,East,Patna,Approved,No,18323.46,5261241.09
L00102,C1102,2025-06-10,Education,694514,9.0,96,1570297,Salaried,705,50,Female,Single,West,Pune,Pending,No,7885.63,500050.08
L00103,C1103,2025-09-08,Education,512999,8.4,96,1912828,Self-Employed,845,51,Female,Single,East,Patna,Approved,No,5792.61,344735.33
L00104,C1104,2025-04-20,Business,3932523,12.9,180,4856615,Salaried,697,55,Female,Single,East,Kolkata,Pending,No,24665.66,7609432.0
L00105,C1105,2025-03-22,Business,3309487,11.2,180,2307243,Self-Employed,662,51,Female,Married,South,Chennai,Approved,No,20445.28,5559938.16
L00106,C1106,2025-04-01,Auto,902022,8.6,84,796291,Salaried,832,46,Female,Married,East,Bhubaneswar,Approved,No,11661.86,543017.24
L00107,C1107,2025-02-27,Home,1250051,8.5,240,2803095,Self-Employed,745,31,Female,Single,East,Kolkata,Approved,No,5651.27,2125086.7
L00108,C1108,2025-06-15,Auto,940632,9.8,84,2774842,Salaried,745,21,Female,Single,South,Chennai,Approved,No,12295.4,645273.55
L00109,C1109,2025-12-20,Auto,985436,9.1,84,3065097,Salaried,677,39,Female,Married,South,Bengaluru,Pending,No,12798.94,627722.73
L00110,C1110,2025-09-27,Education,775914,8.5,96,1585013,Self-Employed,716,54,Female,Married,South,Chennai,Approved,No,8769.44,527621.52
L00111,C1111,2025-01-29,Business,1190118,10.6,180,4540332,Self-Employed,651,29,Female,Single,North,Delhi,Rejected,No,7312.61,1892287.62
L00112,C1112,2025-02-05,Education,203161,7.1,96,2885113,Self-Employed,785,23,Female,Single,North,Lucknow,Approved,No,2266.51,115395.45
L00113,C1113,2025-04-02,Education,593892,8.3,96,3441205,Business Owner,828,46,Male,Married,South,Chennai,Approved,No,6699.84,394344.29
L00114,C1114,2025-01-17,Auto,697700,8.9,84,4183958,Business Owner,772,47,Male,Married,North,Delhi,Approved,No,9045.18,434667.1
L00115,C1115,2025-04-30,Home,1004163,8.4,240,581658,Business Owner,714,57,Female,Single,South,Chennai,Pending,No,4535.47,1686993.84
L00116,C1116,2025-09-11,Personal,683761,12.7,60,4672570,Salaried,656,43,Female,Single,South,Bengaluru,Rejected,No,12843.31,434188.23
L00117,C1117,2025-08-02,Personal,352673,14.7,60,2815647,Business Owner,696,54,Male,Single,West,Pune,Pending,No,6741.93,259214.65
L00118,C1118,2025-01-21,Personal,196955,13.4,60,3070446,Salaried,765,33,Male,Single,South,Bengaluru,Approved,No,3722.45,131959.85
L00119,C1119,2025-05-25,Auto,423014,9.3,84,428628,Self-Employed,654,50,Female,Single,South,Bengaluru,Rejected,No,5504.22,275382.11
L00120,C1120,2025-01-09,Business,3867256,11.1,180,4471464,Self-Employed,719,56,Female,Single,East,Bhubaneswar,Approved,No,23869.56,6438981.24
L00121,C1121,2025-03-28,Auto,877390,9.9,84,2229536,Salaried,697,55,Female,Married,South,Chennai,Pending,No,11479.19,608031.27
L00122,C1122,2025-07-11,Home,1003484,9.2,240,923528,Salaried,841,60,Female,Single,North,Lucknow,Approved,No,4565.85,1846410.56
L00123,C1123,2025-02-24,Business,570154,10.1,180,4927521,Salaried,705,54,Male,Married,North,Delhi,Approved,No,3487.44,863783.31
L00124,C1124,2025-12-17,Business,1621241,11.2,180,2417437,Salaried,808,23,Male,Single,South,Hyderabad,Approved,No,10015.67,2723684.88
L00125,C1125,2025-09-28,Business,3447946,11.9,180,4293020,Salaried,614,35,Male,Single,West,Pune,Rejected,No,21434.73,6154583.61
L00126,C1126,2025-02-09,Home,938000,9.4,240,2651939,Self-Employed,830,31,Male,Single,East,Kolkata,Approved,No,4275.72,1763440.0
L00127,C1127,2025-06-17,Personal,343420,12.6,60,957899,Salaried,728,38,Female,Single,East,Bhubaneswar,Approved,No,6444.85,216354.6
L00128,C1128,2025-12-31,Business,3350846,10.9,180,3449309,Business Owner,710,30,Female,Single,South,Bengaluru,Pending,No,20644.93,5478633.21
L00129,C1129,2025-02-15,Home,2092967,7.8,240,343580,Self-Employed,841,56,Male,Single,East,Kolkata,Approved,No,9400.91,3265028.52
L00130,C1130,2025-02-02,Auto,886716,8.8,84,3771290,Salaried,699,48,Female,Single,West,Mumbai,Approved,No,11485.08,546217.06
L00131,C1131,2025-06-18,Home,1834273,8.4,240,3329335,Self-Employed,664,42,Female,Married,East,Bhubaneswar,Pending,No,8284.8,3081578.64
L00132,C1132,2025-05-24,Business,1245064,11.9,180,1984864,Self-Employed,722,44,Male,Married,East,Bhubaneswar,Approved,No,7740.15,2222439.24
L00133,C1133,2025-11-21,Business,3471106,10.2,180,525788,Self-Employed,843,36,Female,Married,South,Hyderabad,Approved,No,21250.88,5310792.18
L00134,C1134,2025-12-26,Home,2810056,9.3,240,4067044,Business Owner,753,59,Male,Married,West,Pune,Approved,No,12797.46,5226704.16
L00135,C1135,2025-09-23,Auto,976364,8.5,84,1695348,Business Owner,765,58,Male,Single,South,Hyderabad,Approved,No,12611.37,580936.58
L00136,C1136,2025-06-09,Education,309627,8.9,96,4498211,Self-Employed,638,50,Male,Single,East,Bhubaneswar,Rejected,No,3512.33,220454.42
L00137,C1137,2025-03-26,Home,2697701,9.1,240,3975602,Business Owner,784,36,Male,Married,East,Bhubaneswar,Approved,No,12263.3,4909815.82
L00138,C1138,2025-01-03,Education,395440,7.9,96,4175991,Business Owner,659,34,Male,Single,East,Patna,Rejected,No,4444.58,249918.08
L00139,C1139,2025-11-09,Home,2334247,8.0,240,4803751,Self-Employed,647,58,Male,Single,North,Lucknow,Rejected,No,10504.11,3734795.2
L00140,C1140,2025-07-18,Business,3077334,10.7,180,1747265,Self-Employed,808,59,Male,Single,East,Bhubaneswar,Approved,No,18925.6,4939121.07
L00141,C1141,2025-01-05,Education,713426,7.1,96,4807864,Self-Employed,777,29,Male,Single,West,Mumbai,Approved,No,7959.16,405225.97
L00142,C1142,2025-03-28,Education,286686,7.5,96,3786560,Self-Employed,781,57,Female,Married,West,Pune,Approved,No,3210.29,172011.6
L00143,C1143,2025-01-17,Business,3687688,11.3,180,3377459,Self-Employed,738,37,Female,Married,North,Jaipur,Approved,No,22802.2,6250631.16
L00144,C1144,2025-09-30,Personal,274044,13.3,60,2060585,Self-Employed,807,59,Male,Single,West,Mumbai,Approved,No,5174.86,182239.26
L00145,C1145,2025-03-06,Business,3349187,12.4,180,2542636,Business Owner,843,29,Male,Married,East,Bhubaneswar,Approved,No,20913.81,6229487.82
L00146,C1146,2025-12-22,Education,593396,7.8,96,4405877,Self-Employed,636,50,Female,Single,East,Kolkata,Rejected,No,6663.34,370279.1
L00147,C1147,2025-06-22,Home,2302495,7.9,240,4145751,Business Owner,762,57,Male,Single,North,Lucknow,Approved,No,10351.63,3637942.1
L00148,C1148,2025-11-29,Home,2727625,8.4,240,685397,Self-Employed,625,31,Female,Married,East,Patna,Rejected,No,12319.77,4582410.0
L00149,C1149,2025-10-31,Home,1494262,8.4,240,3419251,Salaried,770,54,Female,Married,East,Bhubaneswar,Approved,No,6749.08,2510360.16
L00150,C1150,2025-06-03,Auto,438595,10.1,84,1311613,Salaried,820,45,Male,Married,North,Lucknow,Approved,No,5748.73,310086.67
L00151,C1151,2025-03-05,Business,2345910,11.8,180,371091,Business Owner,756,45,Female,Single,North,Lucknow,Approved,No,14570.71,4152260.7
L00152,C1152,2025-07-20,Personal,128127,13.0,60,2623373,Self-Employed,765,24,Male,Single,East,Kolkata,Approved,No,2413.06,83282.55
L00153,C1153,2025-08-30,Personal,431845,13.7,60,4490802,Salaried,763,22,Male,Married,West,Mumbai,Approved,No,8183.46,295813.83
L00154,C1154,2025-02-12,Home,2469228,8.3,240,807249,Self-Employed,842,26,Male,Married,East,Kolkata,Approved,No,11142.39,4098918.48
L00155,C1155,2025-12-29,Business,3561667,12.8,180,854613,Salaried,679,21,Male,Single,East,Bhubaneswar,Approved,Yes,22319.78,6838400.64
L00156,C1156,2025-12-31,Business,1032385,10.1,180,2474721,Business Owner,642,25,Female,Single,East,Patna,Rejected,No,6314.75,1564063.27
L00157,C1157,2025-07-06,Education,307903,8.7,96,1699902,Self-Employed,694,30,Male,Married,East,Kolkata,Pending,No,3486.36,214300.49
L00158,C1158,2025-07-25,Auto,1166120,10.3,84,2382582,Salaried,706,50,Female,Single,West,Mumbai,Approved,No,15312.27,840772.52
L00159,C1159,2025-04-11,Business,1341675,10.7,180,4131464,Business Owner,602,55,Male,Married,East,Kolkata,Rejected,No,8251.3,2153388.37
L00160,C1160,2025-09-29,Home,2253006,7.5,240,2254526,Salaried,738,47,Female,Married,North,Jaipur,Approved,No,10091.59,3379509.0
L00161,C1161,2025-02-08,Auto,733121,8.7,84,1080364,Business Owner,611,57,Male,Single,South,Hyderabad,Rejected,No,9486.93,446470.69
L00162,C1162,2025-02-25,Auto,712040,10.4,84,2489350,Salaried,817,27,Male,Single,South,Chennai,Approved,No,9358.24,518365.12
L00163,C1163,2025-12-27,Education,673869,8.6,96,1312813,Business Owner,737,59,Male,Married,West,Pune,Approved,No,7623.14,463621.87
L00164,C1164,2025-10-09,Home,2292093,8.0,240,2382210,Salaried,847,27,Female,Married,East,Kolkata,Approved,No,10314.42,3667348.8
L00165,C1165,2025-02-08,Home,1732344,8.9,240,817318,Salaried,812,25,Male,Single,South,Chennai,Approved,No,7860.51,3083572.32
L00166,C1166,2025-05-21,Auto,476149,9.4,84,1327836,Self-Employed,610,49,Male,Married,South,Chennai,Rejected,No,6201.27,313306.04
L00167,C1167,2025-07-15,Auto,391982,10.3,84,4485006,Business Owner,705,43,Female,Single,South,Hyderabad,Approved,No,5147.1,282619.02
L00168,C1168,2025-10-27,Business,1254202,12.4,180,2997813,Salaried,699,31,Male,Married,East,Patna,Pending,No,7831.79,2332815.72
L00169,C1169,2025-12-24,Business,2914627,13.0,180,768995,Self-Employed,795,58,Male,Single,South,Bengaluru,Approved,No,18297.38,5683522.65
L00170,C1170,2025-11-11,Personal,194641,12.3,60,4429097,Salaried,738,29,Female,Married,South,Hyderabad,Approved,No,3643.03,119704.22
L00171,C1171,2025-06-04,Home,1394134,9.4,240,1539098,Self-Employed,750,29,Male,Single,East,Kolkata,Approved,No,6354.93,2620971.92
L00172,C1172,2025-10-21,Auto,997860,8.8,84,1761317,Self-Employed,781,57,Male,Married,West,Ahmedabad,Approved,No,12924.66,614681.76
L00173,C1173,2025-12-10,Personal,349556,14.3,60,1173339,Business Owner,839,42,Female,Married,East,Patna,Approved,No,6659.04,249932.54
L00174,C1174,2025-06-29,Personal,150486,13.0,60,868703,Business Owner,689,45,Male,Single,East,Kolkata,Pending,No,2834.15,97815.9
L00175,C1175,2025-10-08,Education,534198,7.8,96,918319,Salaried,804,42,Female,Married,South,Chennai,Approved,No,5998.6,333339.55
L00176,C1176,2025-06-02,Personal,299212,13.6,60,3942336,Salaried,640,27,Male,Single,West,Ahmedabad,Rejected,No,5665.08,203464.16
L00177,C1177,2025-03-01,Home,2593509,7.7,240,3326852,Self-Employed,600,46,Female,Single,West,Mumbai,Rejected,No,11638.37,3994003.86
L00178,C1178,2025-03-19,Business,2099897,11.3,180,3550813,Business Owner,647,27,Male,Single,East,Kolkata,Rejected,No,12984.36,3559325.42
L00179,C1179,2025-07-22,Personal,661527,12.2,60,4943949,Business Owner,615,23,Male,Married,West,Ahmedabad,Rejected,No,12370.55,403531.47
L00180,C1180,2025-05-13,Personal,182175,14.3,60,2077463,Self-Employed,806,25,Male,Single,West,Mumbai,Approved,No,3470.43,130255.12
L00181,C1181,2025-02-21,Auto,1124758,9.6,84,2616940,Salaried,733,57,Male,Single,West,Ahmedabad,Approved,No,14675.41,755837.38
L00182,C1182,2025-07-22,Auto,938543,9.7,84,3513201,Self-Employed,767,36,Male,Single,East,Bhubaneswar,Approved,No,12256.92,637270.7
L00183,C1183,2025-06-14,Home,2071104,9.4,240,3134226,Self-Employed,809,47,Male,Married,East,Bhubaneswar,Approved,No,9440.78,3893675.52
L00184,C1184,2025-09-26,Education,258936,7.8,96,4363947,Business Owner,794,22,Male,Married,West,Mumbai,Approved,No,2907.64,161576.06
L00185,C1185,2025-07-10,Personal,387286,13.7,60,577420,Self-Employed,716,59,Female,Married,South,Chennai,Approved,No,7339.07,265290.91
L00186,C1186,2025-11-28,Business,1584898,10.1,180,3233998,Salaried,688,34,Female,Single,West,Ahmedabad,Approved,No,9694.29,2401120.47
L00187,C1187,2025-08-05,Home,1354965,8.0,240,4277015,Self-Employed,833,43,Female,Single,North,Lucknow,Approved,No,6097.34,2167944.0
L00188,C1188,2025-05-25,Auto,407282,10.2,84,4667427,Self-Employed,811,27,Female,Married,South,Bengaluru,Approved,No,5343.15,290799.35
L00189,C1189,2025-12-02,Auto,457212,10.1,84,2622679,Self-Employed,666,39,Female,Single,East,Bhubaneswar,Approved,No,5992.74,323248.88
L00190,C1190,2025-08-30,Home,1732658,8.5,240,1893123,Salaried,687,37,Male,Single,West,Pune,Approved,No,7833.06,2945518.6
L00191,C1191,2025-10-26,Auto,1126372,10.2,84,2173410,Business Owner,790,60,Male,Single,North,Delhi,Approved,No,14776.93,804229.61
L00192,C1192,2025-03-15,Home,2051394,9.5,240,3501673,Self-Employed,735,32,Male,Single,South,Hyderabad,Approved,No,9359.49,3897648.6
L00193,C1193,2025-02-15,Personal,319553,14.1,60,2929107,Salaried,762,60,Female,Single,East,Patna,Approved,No,6076.83,225284.86
L00194,C1194,2025-05-08,Education,591225,7.0,96,3515491,Salaried,601,43,Female,Married,West,Pune,Rejected,No,6589.7,331086.0
L00195,C1195,2025-03-10,Business,3955451,11.6,180,2867879,Self-Employed,642,52,Female,Married,North,Jaipur,Rejected,No,24523.8,6882484.74
L00196,C1196,2025-05-11,Home,1350316,7.8,240,2216111,Business Owner,657,60,Male,Married,South,Bengaluru,Rejected,No,6065.17,2106492.96
L00197,C1197,2025-06-04,Home,1285657,8.6,240,704624,Self-Employed,776,27,Female,Married,North,Lucknow,Approved,No,5817.6,2211330.04
L00198,C1198,2025-06-01,Business,3791522,12.3,180,1287629,Salaried,672,23,Female,Married,West,Mumbai,Pending,No,23654.88,6995358.09
L00199,C1199,2025-11-26,Personal,256389,14.6,60,322968,Salaried,603,50,Female,Single,West,Pune,Rejected,No,4897.03,187163.97
L00200,C1200,2025-12-06,Home,965442,9.0,240,1765504,Business Owner,823,31,Female,Single,West,Mumbai,Approved,No,4384.72,1737795.6
L00201,C1201,2025-02-27,Auto,419361,9.3,84,1079732,Salaried,695,24,Male,Married,West,Ahmedabad,Approved,No,5456.69,273004.01
L00202,C1202,2025-12-02,Education,230216,7.9,96,3975576,Self-Employed,646,21,Male,Single,West,Ahmedabad,Rejected,No,2587.53,145496.51
L00203,C1203,2025-02-08,Personal,157216,13.0,60,4342719,Self-Employed,688,41,Male,Single,North,Jaipur,Approved,No,2960.9,102190.4
L00204,C1204,2025-03-02,Business,2191466,12.4,180,2168197,Self-Employed,740,22,Male,Single,East,Kolkata,Approved,No,13684.49,4076126.76
L00205,C1205,2025-04-25,Business,3820979,12.0,180,4906174,Self-Employed,600,42,Female,Single,West,Mumbai,Rejected,No,23774.98,6877762.2
L00206,C1206,2025-07-29,Home,2231755,8.5,240,2160149,Salaried,600,37,Male,Married,West,Mumbai,Rejected,No,10089.39,3793983.5
L00207,C1207,2025-08-23,Personal,534603,14.6,60,4133979,Business Owner,811,58,Male,Single,North,Jaipur,Approved,No,10210.92,390260.19
L00208,C1208,2025-11-07,Home,2615338,8.9,240,4940798,Self-Employed,839,53,Female,Single,North,Lucknow,Approved,No,11867.1,4655301.64
L00209,C1209,2025-06-10,Education,339850,7.6,96,3176108,Business Owner,848,56,Male,Married,South,Bengaluru,Approved,No,3809.15,206628.8
L00210,C1210,2025-10-26,Auto,981664,9.9,84,3196532,Business Owner,835,47,Female,Single,South,Hyderabad,Approved,No,12843.44,680293.15
L00211,C1211,2025-12-20,Home,1409544,8.0,240,511998,Self-Employed,697,34,Male,Single,North,Lucknow,Approved,No,6342.95,2255270.4
L00212,C1212,2025-10-10,Business,1496547,11.2,180,2181626,Salaried,790,21,Female,Married,West,Mumbai,Approved,No,9245.33,2514198.96
L00213,C1213,2025-03-03,Auto,1060127,8.6,84,4885340,Self-Employed,789,23,Female,Single,West,Mumbai,Approved,No,13705.93,638196.45
L00214,C1214,2025-12-05,Personal,141880,13.5,60,2439230,Self-Employed,601,52,Female,Married,East,Kolkata,Rejected,No,2683.9,95769.0
L00215,C1215,2025-06-19,Personal,536135,13.7,60,1842405,Self-Employed,733,39,Male,Single,East,Patna,Approved,No,10159.76,367252.47
L00216,C1216,2025-09-21,Auto,1015706,9.3,84,4038527,Business Owner,661,49,Female,Married,North,Delhi,Pending,No,13216.27,661224.61
L00217,C1217,2025-08-06,Personal,659106,14.5,60,2986978,Salaried,731,34,Female,Married,East,Patna,Approved,No,12577.94,477851.85
L00218,C1218,2025-11-19,Education,386638,7.5,96,3082630,Self-Employed,609,48,Female,Married,South,Chennai,Rejected,No,4329.54,231982.8
L00219,C1219,2025-05-25,Home,1065237,8.2,240,4786515,Self-Employed,601,45,Female,Married,West,Ahmedabad,Rejected,No,4802.44,1746988.68
L00220,C1220,2025-11-28,Business,3841897,10.4,180,2144367,Self-Employed,634,21,Male,Married,West,Mumbai,Rejected,No,23563.63,5993359.32
L00221,C1221,2025-05-10,Business,1777967,11.9,180,3605796,Salaried,737,28,Male,Married,North,Delhi,Approved,No,11053.03,3173671.1
L00222,C1222,2025-06-12,Business,1551460,11.1,180,913581,Self-Employed,674,49,Female,Single,West,Ahmedabad,Approved,No,9575.96,2583180.9
L00223,C1223,2025-03-10,Business,2296451,10.7,180,3357592,Business Owner,806,42,Female,Single,South,Hyderabad,Approved,No,14123.17,3685803.85
L00224,C1224,2025-02-09,Auto,976909,9.6,84,4385012,Business Owner,741,25,Male,Married,West,Pune,Approved,No,12746.34,656482.85
L00225,C1225,2025-08-26,Personal,255852,12.2,60,607495,Business Owner,741,53,Male,Single,West,Ahmedabad,Approved,No,4784.43,156069.72
L00226,C1226,2025-09-05,Home,1495598,7.8,240,2303877,Self-Employed,817,23,Male,Single,East,Patna,Approved,No,6717.73,2333132.88
L00227,C1227,2025-02-22,Auto,516818,10.3,84,3399046,Business Owner,659,54,Female,Single,South,Chennai,Rejected,No,6786.31,372625.78
L00228,C1228,2025-11-06,Education,594609,8.0,96,3364331,Salaried,750,53,Male,Single,South,Bengaluru,Approved,No,6689.35,380549.76
L00229,C1229,2025-02-28,Home,1977800,8.2,240,4616285,Self-Employed,764,51,Female,Married,South,Chennai,Approved,No,8916.58,3243592.0
L00230,C1230,2025-07-27,Education,368956,7.1,96,488291,Business Owner,662,57,Male,Single,South,Hyderabad,Approved,No,4116.17,209567.01
L00231,C1231,2025-12-18,Education,630720,8.3,96,4254502,Self-Employed,822,50,Male,Married,North,Delhi,Approved,No,7115.31,418798.08
L00232,C1232,2025-09-30,Personal,256826,14.5,60,1210752,Business Owner,604,28,Male,Single,West,Pune,Rejected,No,4901.1,186198.85
L00233,C1233,2025-10-29,Business,2689612,11.3,180,310068,Business Owner,829,57,Male,Single,South,Hyderabad,Pending,No,16630.77,4558892.34
L00234,C1234,2025-09-24,Education,770143,7.0,96,2250459,Salaried,832,45,Male,Single,South,Bengaluru,Approved,No,8583.89,431280.08
L00235,C1235,2025-04-02,Home,1863812,8.6,240,1598376,Self-Employed,709,56,Female,Single,West,Pune,Pending,No,8433.75,3205756.64
L00236,C1236,2025-10-09,Auto,424870,8.7,84,3639754,Business Owner,788,24,Male,Single,East,Patna,Approved,No,5498.02,258745.83
L00237,C1237,2025-12-02,Personal,332542,12.6,60,4256643,Business Owner,837,39,Male,Married,North,Delhi,Approved,No,6240.7,209501.46
L00238,C1238,2025-01-01,Home,2973292,8.5,240,1992042,Salaried,817,26,Female,Single,West,Pune,Approved,No,13441.76,5054596.4
L00239,C1239,2025-05-22,Education,271950,8.2,96,3701169,Salaried,750,59,Male,Single,East,Patna,Approved,No,3065.1,178399.2
L00240,C1240,2025-10-03,Home,2507646,8.5,240,2490328,Business Owner,644,37,Female,Single,West,Ahmedabad,Rejected,No,11336.65,4262998.2
L00241,C1241,2025-06-11,Auto,328679,10.1,84,4149099,Self-Employed,774,43,Male,Single,West,Mumbai,Approved,No,4308.04,232376.05
L00242,C1242,2025-04-08,Home,2234422,8.1,240,3646472,Self-Employed,772,33,Male,Married,South,Bengaluru,Approved,No,10064.21,3619763.64
L00243,C1243,2025-10-05,Personal,211871,11.0,60,2000929,Salaried,813,51,Female,Single,East,Kolkata,Approved,No,3919.61,116529.05
L00244,C1244,2025-07-21,Auto,717206,9.5,84,4417173,Business Owner,646,32,Female,Married,West,Ahmedabad,Rejected,No,9349.29,476941.99
L00245,C1245,2025-07-07,Home,1683959,8.2,240,399153,Salaried,772,52,Female,Married,West,Pune,Pending,No,7591.85,2761692.76
L00246,C1246,2025-05-01,Auto,772623,9.0,84,3362496,Business Owner,818,48,Female,Married,West,Ahmedabad,Approved,No,10025.7,486752.49
L00247,C1247,2025-06-03,Personal,241003,14.1,60,4267702,Self-Employed,806,56,Male,Single,South,Hyderabad,Approved,No,4583.07,169907.11
L00248,C1248,2025-06-26,Personal,571706,14.2,60,803621,Salaried,655,47,Male,Single,North,Lucknow,Rejected,No,10881.47,405911.26
L00249,C1249,2025-03-16,Business,1989435,11.3,180,4816747,Salaried,644,42,Female,Single,South,Hyderabad,Rejected,No,12301.34,3372092.33
L00250,C1250,2025-10-28,Personal,380465,14.8,60,3182539,Business Owner,658,49,Female,Married,North,Delhi,Rejected,No,7279.56,281544.1
L00251,C1251,2025-01-14,Personal,320800,13.2,60,2268195,Self-Employed,769,54,Male,Married,South,Chennai,Approved,No,6052.43,211728.0
L00252,C1252,2025-07-02,Personal,397979,11.1,60,1007254,Self-Employed,767,51,Female,Single,East,Patna,Approved,No,7369.24,220878.34
L00253,C1253,2025-02-15,Business,3146805,11.9,180,1785090,Self-Employed,751,40,Female,Single,West,Mumbai,Approved,No,19562.64,5617046.92
L00254,C1254,2025-06-03,Auto,1095128,9.9,84,388548,Salaried,600,48,Female,Married,East,Kolkata,Rejected,No,14327.92,758923.7
L00255,C1255,2025-05-26,Auto,562035,8.7,84,1881848,Business Owner,705,55,Female,Single,North,Lucknow,Pending,No,7273.0,342279.32
L00256,C1256,2025-02-22,Personal,385353,14.9,60,1446085,Self-Employed,674,38,Male,Single,South,Chennai,Approved,Yes,7379.51,287087.98
L00257,C1257,2025-02-11,Home,2870222,9.1,240,1564026,Salaried,603,24,Female,Single,North,Delhi,Rejected,No,13047.55,5223804.04
L00258,C1258,2025-01-18,Education,213228,8.9,96,1823402,Salaried,649,50,Male,Married,North,Lucknow,Rejected,No,2418.81,151818.34
L00259,C1259,2025-04-22,Auto,876276,8.9,84,3010050,Salaried,640,36,Female,Single,West,Pune,Rejected,No,11360.29,545919.95
L00260,C1260,2025-01-31,Auto,344033,8.8,84,1303693,Self-Employed,701,30,Male,Married,North,Delhi,Approved,No,4456.05,211924.33
L00261,C1261,2025-08-13,Auto,760030,8.8,84,4983782,Business Owner,801,39,Female,Married,West,Mumbai,Approved,No,9844.2,468178.48
L00262,C1262,2025-01-01,Auto,1171733,9.1,84,3015231,Business Owner,787,53,Female,Married,South,Hyderabad,Approved,No,15218.58,746393.92
L00263,C1263,2025-02-26,Auto,865136,9.6,84,2303086,Salaried,682,54,Male,Married,North,Lucknow,Pending,No,11287.96,581371.39
L00264,C1264,2025-01-26,Home,2835790,8.8,240,1995161,Self-Employed,627,35,Male,Married,South,Chennai,Rejected,No,12855.58,4990990.4
L00265,C1265,2025-02-09,Education,636158,8.1,96,970726,Salaried,719,54,Male,Married,South,Hyderabad,Pending,No,7163.4,412230.38
L00266,C1266,2025-08-23,Education,387588,8.3,96,1889309,Business Owner,649,48,Male,Married,South,Hyderabad,Rejected,No,4372.48,257358.43
L00267,C1267,2025-06-15,Education,664531,8.7,96,4533669,Business Owner,686,36,Male,Single,South,Hyderabad,Pending,No,7524.43,462513.58
L00268,C1268,2025-04-24,Education,236346,7.6,96,4053900,Salaried,845,41,Male,Single,East,Bhubaneswar,Approved,No,2649.04,143698.37
L00269,C1269,2025-06-16,Home,1454760,8.0,240,4161861,Self-Employed,691,32,Female,Married,South,Chennai,Approved,No,6546.42,2327616.0
L00270,C1270,2025-11-05,Business,3733395,12.6,180,3500640,Salaried,620,45,Male,Single,East,Kolkata,Rejected,No,23354.46,7056116.55
L00271,C1271,2025-04-24,Business,3426653,13.0,180,1554768,Self-Employed,683,39,Female,Married,North,Jaipur,Approved,No,21511.77,6681973.35
L00272,C1272,2025-04-12,Home,1006825,8.3,240,4291758,Self-Employed,746,46,Male,Married,South,Bengaluru,Approved,No,4543.3,1671329.5
L00273,C1273,2025-06-29,Auto,1004378,9.2,84,3907652,Business Owner,682,49,Male,Single,South,Chennai,Approved,No,13056.91,646819.43
L00274,C1274,2025-12-22,Personal,354854,11.1,60,3435836,Salaried,639,40,Female,Single,North,Delhi,Rejected,No,6570.71,196943.97
L00275,C1275,2025-10-26,Personal,675458,11.1,60,4813116,Business Owner,654,54,Male,Single,North,Jaipur,Rejected,No,12507.23,374879.19
L00276,C1276,2025-01-10,Auto,787546,10.2,84,1983560,Self-Employed,802,45,Male,Single,South,Chennai,Approved,No,10331.85,562307.84
L00277,C1277,2025-07-21,Education,680233,8.1,96,4759053,Business Owner,622,31,Male,Single,North,Jaipur,Rejected,No,7659.71,440790.98
L00278,C1278,2025-05-24,Auto,1151331,10.1,84,2281429,Salaried,850,30,Female,Single,East,Bhubaneswar,Approved,No,15090.66,813991.02
L00279,C1279,2025-03-12,Education,360169,8.1,96,4668097,Business Owner,845,55,Male,Married,South,Chennai,Approved,No,4055.65,233389.51
L00280,C1280,2025-01-16,Business,3252435,11.6,180,1434580,Self-Employed,710,47,Female,Single,East,Patna,Approved,No,20165.1,5659236.9
L00281,C1281,2025-04-29,Auto,437935,9.0,84,1574708,Salaried,799,22,Female,Married,West,Ahmedabad,Approved,No,5682.73,275899.05
L00282,C1282,2025-05-19,Business,1271653,10.5,180,4232273,Self-Employed,782,35,Male,Married,West,Mumbai,Approved,No,7806.54,2002853.48
L00283,C1283,2025-10-20,Education,648324,8.4,96,4409938,Business Owner,776,55,Male,Married,North,Delhi,Approved,No,7320.66,435673.73
L00284,C1284,2025-06-05,Home,2459313,8.5,240,2361262,Self-Employed,732,50,Male,Single,West,Pune,Approved,No,11118.14,4180832.1
L00285,C1285,2025-03-11,Home,1396596,8.9,240,4636655,Self-Employed,831,47,Female,Single,East,Patna,Approved,No,6337.05,2485940.88
L00286,C1286,2025-09-26,Education,539817,7.9,96,1993928,Business Owner,825,45,Male,Single,North,Delhi,Approved,No,6067.32,341164.34
L00287,C1287,2025-03-02,Personal,153802,13.5,60,3111803,Salaried,744,33,Male,Single,West,Mumbai,Approved,No,2909.42,103816.35
L00288,C1288,2025-05-06,Education,449433,7.2,96,4482914,Business Owner,739,38,Male,Married,North,Jaipur,Approved,No,5018.67,258873.41
L00289,C1289,2025-11-09,Home,1409744,9.3,240,3227790,Business Owner,609,59,Male,Single,South,Chennai,Rejected,No,6420.21,2622123.84
L00290,C1290,2025-09-27,Home,2345892,9.2,240,2810664,Self-Employed,682,54,Male,Married,East,Kolkata,Pending,No,10673.81,4316441.28
L00291,C1291,2025-03-08,Business,3536987,10.9,180,4737125,Business Owner,622,57,Female,Single,North,Delhi,Rejected,No,21791.77,5782973.75
L00292,C1292,2025-08-01,Business,1311830,12.4,180,2252210,Self-Employed,781,23,Female,Single,West,Mumbai,Approved,No,8191.65,2440003.8
L00293,C1293,2025-04-10,Personal,676710,13.9,60,2662456,Self-Employed,665,42,Female,Single,South,Chennai,Approved,No,12846.21,470313.45
L00294,C1294,2025-10-12,Personal,534061,13.7,60,4339077,Business Owner,639,22,Male,Single,North,Lucknow,Rejected,No,10120.46,365831.78
L00295,C1295,2025-12-28,Personal,274031,14.0,60,2652669,Self-Employed,815,23,Female,Single,East,Kolkata,Approved,No,5206.59,191821.7
L00296,C1296,2025-09-05,Personal,283514,12.8,60,3417068,Business Owner,715,30,Male,Single,North,Jaipur,Approved,No,5330.06,181448.96
L00297,C1297,2025-09-25,Business,1101022,10.4,180,2903477,Salaried,798,21,Female,Married,West,Ahmedabad,Approved,No,6752.93,1717594.32
L00298,C1298,2025-05-22,Education,527659,7.6,96,687048,Business Owner,626,41,Female,Married,North,Jaipur,Rejected,No,5914.18,320816.67
L00299,C1299,2025-05-26,Personal,207348,13.8,60,2595432,Business Owner,629,36,Male,Married,East,Kolkata,Rejected,No,3932.7,143070.12
L00300,C1300,2025-11-12,Auto,330401,9.4,84,4834689,Self-Employed,713,40,Female,Married,East,Patna,Pending,No,4303.08,217403.86
L00301,C1301,2025-07-06,Business,907950,12.8,180,1405578,Self-Employed,623,32,Female,Single,North,Jaipur,Rejected,No,5689.82,1743264.0
L00302,C1302,2025-02-24,Home,1273482,8.1,240,848323,Self-Employed,721,56,Male,Single,West,Pune,Approved,No,5735.98,2063040.84
L00303,C1303,2025-10-06,Business,2798264,10.6,180,3768202,Business Owner,661,36,Male,Married,West,Pune,Pending,No,17193.78,4449239.76
L00304,C1304,2025-06-17,Business,3947814,10.2,180,4183157,Self-Employed,683,24,Male,Married,West,Mumbai,Pending,No,24169.39,6040155.42
L00305,C1305,2025-12-14,Home,1425859,8.7,240,1530821,Self-Employed,769,48,Female,Married,South,Hyderabad,Approved,No,6457.95,2480994.66
L00306,C1306,2025-05-25,Business,1733899,10.0,180,3690653,Salaried,816,36,Female,Single,North,Lucknow,Approved,No,10596.05,2600848.5
L00307,C1307,2025-12-10,Education,381833,7.7,96,3706048,Salaried,697,29,Male,Married,East,Patna,Pending,No,4283.69,235209.13
L00308,C1308,2025-08-06,Education,636056,8.2,96,3963599,Business Owner,849,49,Female,Single,North,Delhi,Approved,No,7168.88,417252.74
L00309,C1309,2025-02-27,Education,726100,9.0,96,362327,Business Owner,747,51,Male,Married,South,Chennai,Pending,No,8244.26,522792.0
L00310,C1310,2025-08-29,Business,1528574,10.9,180,956279,Self-Employed,733,53,Female,Single,East,Bhubaneswar,Approved,No,9417.71,2499218.49
L00311,C1311,2025-05-30,Auto,926667,9.7,84,2726056,Business Owner,642,60,Male,Single,West,Pune,Rejected,No,12101.83,629206.89
L00312,C1312,2025-03-19,Personal,388586,13.4,60,4541247,Business Owner,619,49,Female,Married,West,Mumbai,Rejected,No,7344.28,260352.62
L00313,C1313,2025-11-23,Personal,261638,13.6,60,4367791,Salaried,646,34,Female,Married,East,Patna,Rejected,No,4953.68,177913.84
L00314,C1314,2025-01-07,Home,2472456,8.0,240,1705934,Self-Employed,718,49,Female,Single,East,Kolkata,Pending,No,11126.05,3955929.6
L00315,C1315,2025-12-12,Business,3060562,12.4,180,3268125,Business Owner,844,36,Male,Single,North,Delhi,Approved,No,19111.51,5692645.32
L00316,C1316,2025-01-18,Business,3988358,10.3,180,388734,Salaried,772,60,Male,Married,South,Bengaluru,Approved,No,24439.77,6162013.11
L00317,C1317,2025-11-24,Home,1344870,9.3,240,1306440,Self-Employed,622,38,Female,Single,South,Hyderabad,Rejected,No,6124.76,2501458.2
L00318,C1318,2025-04-13,Home,1061671,8.0,240,2626055,Business Owner,798,46,Male,Single,East,Kolkata,Approved,No,4777.52,1698673.6
L00319,C1319,2025-09-12,Business,2352127,10.2,180,3917617,Salaried,655,21,Male,Single,North,Delhi,Rejected,No,14400.24,3598754.31
L00320,C1320,2025-01-02,Auto,1041978,10.1,84,3582717,Self-Employed,747,51,Male,Single,East,Kolkata,Approved,No,13657.35,736678.45
L00321,C1321,2025-07-16,Auto,860596,9.1,84,3660600,Business Owner,614,33,Female,Single,East,Patna,Rejected,No,11177.5,548199.65
L00322,C1322,2025-10-04,Auto,498667,9.7,84,4381087,Business Owner,621,40,Female,Single,North,Lucknow,Rejected,No,6512.35,338594.89
L00323,C1323,2025-01-19,Auto,423928,10.2,84,770218,Business Owner,686,30,Female,Married,North,Delhi,Approved,No,5561.53,302684.59
L00324,C1324,2025-02-24,Home,1347514,9.1,240,2335768,Salaried,779,52,Male,Married,West,Ahmedabad,Approved,No,6125.57,2452475.48
L00325,C1325,2025-03-03,Auto,903945,8.9,84,3672292,Self-Employed,683,30,Female,Married,South,Bengaluru,Approved,No,11719.0,563157.73
L00326,C1326,2025-08-02,Personal,265416,11.4,60,3979756,Business Owner,662,51,Male,Married,East,Patna,Pending,No,4927.89,151287.12
L00327,C1327,2025-01-03,Auto,483027,8.7,84,4687970,Business Owner,715,36,Male,Married,South,Hyderabad,Pending,No,6250.6,294163.44
L00328,C1328,2025-09-12,Auto,1107750,8.8,84,4827523,Salaried,729,31,Male,Married,North,Lucknow,Approved,No,14348.0,682374.0
L00329,C1329,2025-05-01,Personal,145421,11.1,60,3946290,Business Owner,664,49,Female,Single,East,Bhubaneswar,Approved,Yes,2692.71,80708.65
L00330,C1330,2025-09-06,Auto,538846,9.3,84,2229910,Salaried,799,48,Male,Married,South,Hyderabad,Approved,No,7011.41,350788.75
L00331,C1331,2025-08-27,Education,576009,7.1,96,3433019,Self-Employed,634,47,Male,Single,West,Mumbai,Rejected,No,6426.1,327173.11
L00332,C1332,2025-08-25,Business,2924817,11.6,180,1615234,Self-Employed,802,21,Female,Married,South,Bengaluru,Approved,No,18133.87,5089181.58
L00333,C1333,2025-09-03,Education,638065,7.1,96,2165681,Business Owner,828,27,Female,Single,South,Bengaluru,Approved,No,7118.41,362420.92
L00334,C1334,2025-10-20,Business,1414385,13.0,180,404211,Business Owner,777,58,Male,Single,South,Chennai,Pending,No,8879.19,2758050.75
L00335,C1335,2025-12-24,Education,201429,7.6,96,1851437,Business Owner,802,55,Male,Married,West,Mumbai,Approved,No,2257.68,122468.83
L00336,C1336,2025-10-15,Home,2326686,8.4,240,4617922,Business Owner,842,34,Male,Single,East,Patna,Approved,No,10508.87,3908832.48
L00337,C1337,2025-06-26,Home,1679939,8.2,240,4313894,Self-Employed,788,52,Male,Single,South,Hyderabad,Approved,No,7573.72,2755099.96
L00338,C1338,2025-02-27,Business,1290012,10.5,180,3388231,Business Owner,804,30,Female,Married,East,Bhubaneswar,Approved,No,7919.24,2031768.9
L00339,C1339,2025-07-30,Home,1353762,9.0,240,2759283,Business Owner,706,42,Female,Single,South,Hyderabad,Pending,No,6148.34,2436771.6
L00340,C1340,2025-08-22,Auto,1127607,10.0,84,1406912,Salaried,829,60,Male,Single,West,Pune,Approved,No,14766.28,789324.9
L00341,C1341,2025-03-17,Personal,562305,12.3,60,1652702,Self-Employed,660,49,Male,Single,South,Chennai,Pending,No,10524.48,345817.58
L00342,C1342,2025-05-29,Education,363633,8.3,96,4489412,Business Owner,796,30,Female,Single,North,Delhi,Approved,No,4102.23,241452.31
L00343,C1343,2025-04-24,Education,621139,8.3,96,636223,Self-Employed,635,33,Male,Married,North,Lucknow,Rejected,No,7007.22,412436.3
L00344,C1344,2025-01-07,Home,1615582,9.3,240,4593184,Self-Employed,700,43,Female,Single,West,Ahmedabad,Pending,No,7357.63,3004982.52
L00345,C1345,2025-10-28,Home,2663195,7.8,240,2109382,Business Owner,786,26,Male,Married,West,Ahmedabad,Approved,No,11962.18,4154584.2
L00346,C1346,2025-04-06,Business,870978,11.7,180,3113679,Self-Employed,616,39,Female,Married,East,Bhubaneswar,Rejected,No,5404.9,1528566.39
L00347,C1347,2025-05-28,Auto,328143,10.2,84,4444815,Self-Employed,743,32,Female,Married,East,Patna,Approved,No,4304.92,234294.1
L00348,C1348,2025-03-03,Auto,1081782,9.8,84,4436005,Self-Employed,848,53,Male,Single,North,Delhi,Approved,No,14140.44,742102.45
L00349,C1349,2025-09-29,Home,2733758,7.6,240,1525887,Business Owner,681,25,Male,Married,South,Hyderabad,Pending,No,12256.35,4155312.16
L00350,C1350,2025-03-12,Personal,384645,14.3,60,4860989,Business Owner,682,39,Female,Single,North,Lucknow,Approved,No,7327.49,275021.17
L00351,C1351,2025-02-28,Personal,685792,13.2,60,1159143,Self-Employed,655,50,Male,Married,West,Pune,Rejected,No,12938.61,452622.72
L00352,C1352,2025-12-22,Education,663405,7.1,96,3220996,Salaried,679,35,Female,Married,South,Chennai,Approved,Yes,7401.11,376814.04
L00353,C1353,2025-03-02,Home,1268596,7.6,240,3863523,Self-Employed,776,23,Male,Single,South,Chennai,Approved,No,5687.54,1928265.92
L00354,C1354,2025-03-24,Home,1638963,7.7,240,2023030,Business Owner,750,60,Male,Married,North,Delhi,Approved,No,7354.85,2524003.02
L00355,C1355,2025-07-07,Home,1603408,9.4,240,4736220,Business Owner,655,58,Male,Single,North,Lucknow,Rejected,No,7308.87,3014407.04
L00356,C1356,2025-12-27,Auto,538607,9.4,84,3484441,Self-Employed,708,56,Male,Married,North,Delhi,Pending,No,7014.71,354403.41
L00357,C1357,2025-12-14,Home,2716569,8.0,240,3527777,Self-Employed,672,32,Male,Single,East,Bhubaneswar,Pending,No,12224.56,4346510.4
L00358,C1358,2025-07-06,Education,613989,8.8,96,4684409,Salaried,768,42,Male,Single,North,Jaipur,Approved,No,6958.54,432248.26
L00359,C1359,2025-02-25,Education,619677,8.0,96,4486839,Salaried,671,37,Female,Single,North,Delhi,Pending,No,6971.37,396593.28
L00360,C1360,2025-02-19,Personal,128048,13.5,60,549338,Salaried,625,54,Female,Single,South,Hyderabad,Rejected,No,2422.24,86432.4
L00361,C1361,2025-08-19,Education,766785,8.8,96,4412518,Self-Employed,729,45,Female,Single,South,Bengaluru,Approved,No,8690.23,539816.64
L00362,C1362,2025-12-04,Personal,551601,13.7,60,4969657,Business Owner,768,55,Female,Single,North,Delhi,Approved,No,10452.84,377846.68
L00363,C1363,2025-11-17,Home,2874884,8.1,240,3583173,Self-Employed,667,45,Male,Single,South,Hyderabad,Approved,No,12948.96,4657312.08
L00364,C1364,2025-06-16,Education,527260,7.7,96,3246660,Salaried,614,50,Female,Single,East,Bhubaneswar,Rejected,No,5915.2,324792.16
L00365,C1365,2025-03-27,Education,538083,7.7,96,486532,Business Owner,681,40,Female,Single,East,Kolkata,Pending,No,6036.62,331459.13
L00366,C1366,2025-10-31,Home,2005256,9.1,240,4794901,Self-Employed,654,38,Male,Single,South,Bengaluru,Rejected,No,9115.56,3649565.92
L00367,C1367,2025-12-10,Auto,1143187,9.3,84,943084,Business Owner,766,32,Male,Married,West,Mumbai,Approved,No,14875.04,744214.74
L00368,C1368,2025-08-11,Education,262790,8.5,96,2547609,Self-Employed,839,41,Male,Married,West,Mumbai,Approved,No,2970.07,178697.2
L00369,C1369,2025-08-05,Auto,550067,10.2,84,1647078,Business Owner,665,23,Male,Married,West,Pune,Pending,No,7216.36,392747.84
L00370,C1370,2025-11-05,Home,1965060,9.4,240,2467589,Self-Employed,802,25,Female,Single,East,Kolkata,Approved,No,8957.4,3694312.8
L00371,C1371,2025-10-27,Personal,364039,12.3,60,2280056,Business Owner,628,45,Male,Single,North,Jaipur,Rejected,No,6813.6,223883.98
L00372,C1372,2025-12-16,Home,1951534,8.5,240,1769300,Salaried,654,38,Male,Single,South,Chennai,Rejected,No,8822.56,3317607.8
L00373,C1373,2025-12-17,Auto,994391,9.8,84,2885129,Salaried,605,55,Male,Single,West,Ahmedabad,Rejected,No,12998.11,682152.23
L00374,C1374,2025-01-18,Education,446898,8.3,96,2443571,Self-Employed,677,26,Female,Single,West,Mumbai,Pending,No,5041.57,296740.27
L00375,C1375,2025-01-15,Education,730930,8.5,96,1142179,Salaried,811,32,Female,Married,West,Pune,Approved,No,8261.03,497032.4
L00376,C1376,2025-06-13,Personal,641448,13.4,60,2863118,Self-Employed,680,51,Male,Single,North,Jaipur,Pending,No,12123.37,429770.16
L00377,C1377,2025-01-12,Business,1333256,12.6,180,3047943,Business Owner,804,60,Male,Married,South,Hyderabad,Approved,No,8340.26,2519853.84
L00378,C1378,2025-08-11,Auto,749737,10.4,84,1715627,Self-Employed,612,52,Male,Married,West,Mumbai,Rejected,No,9853.69,545808.54
L00379,C1379,2025-07-29,Auto,436523,9.1,84,2715600,Salaried,791,22,Female,Single,South,Chennai,Approved,No,5669.6,278065.15
L00380,C1380,2025-11-02,Education,691658,7.4,96,2383042,Self-Employed,694,25,Male,Married,South,Hyderabad,Pending,No,7737.92,409461.54
L00381,C1381,2025-10-14,Personal,105621,12.5,60,4250467,Salaried,832,58,Male,Single,North,Jaipur,Approved,No,1980.39,66013.12
L00382,C1382,2025-05-24,Education,532731,9.0,96,3145220,Business Owner,824,44,Female,Single,South,Hyderabad,Approved,No,6048.72,383566.32
L00383,C1383,2025-04-28,Auto,630870,9.8,84,4636681,Salaried,680,23,Female,Single,East,Patna,Approved,No,8246.37,432776.82
L00384,C1384,2025-02-17,Education,573838,8.7,96,3961039,Salaried,629,39,Male,Married,South,Hyderabad,Rejected,No,6497.52,399391.25
L00385,C1385,2025-01-14,Business,2706268,10.2,180,2081708,Self-Employed,749,28,Female,Single,East,Patna,Approved,No,16568.37,4140590.04
L00386,C1386,2025-11-15,Personal,576111,11.2,60,542216,Self-Employed,620,41,Male,Married,North,Jaipur,Rejected,No,10677.26,322622.16
L00387,C1387,2025-01-11,Auto,374159,9.0,84,3010953,Salaried,804,31,Female,Single,North,Lucknow,Approved,No,4855.16,235720.17
L00388,C1388,2025-09-01,Personal,237664,12.8,60,1311682,Self-Employed,676,57,Female,Married,East,Patna,Pending,No,4468.08,152104.96
L00389,C1389,2025-05-29,Business,889849,12.0,180,1863266,Self-Employed,711,48,Male,Single,West,Pune,Approved,No,5536.84,1601728.2
L00390,C1390,2025-02-18,Personal,696152,12.7,60,2820010,Self-Employed,815,57,Female,Single,East,Kolkata,Approved,No,13076.06,442056.52
L00391,C1391,2025-06-10,Home,1277880,9.1,240,4523199,Business Owner,604,50,Female,Single,East,Patna,Rejected,No,5809.03,2325741.6
L00392,C1392,2025-07-27,Personal,660333,12.8,60,1852625,Business Owner,620,59,Female,Single,East,Kolkata,Rejected,No,12414.26,422613.12
L00393,C1393,2025-03-16,Education,400070,7.1,96,2838868,Business Owner,622,36,Female,Married,East,Patna,Rejected,No,4463.28,227239.76
L00394,C1394,2025-05-05,Education,374174,7.0,96,1542903,Salaried,721,39,Female,Married,North,Jaipur,Approved,No,4170.48,209537.44
L00395,C1395,2025-09-07,Home,2543513,7.6,240,3922099,Salaried,850,24,Male,Single,East,Kolkata,Approved,No,11403.42,3866139.76
L00396,C1396,2025-08-13,Home,2549601,8.4,240,2546879,Salaried,828,53,Male,Single,East,Patna,Approved,No,11515.7,4283329.68
L00397,C1397,2025-12-08,Auto,1005804,9.7,84,3574671,Self-Employed,845,29,Male,Married,West,Mumbai,Approved,No,13135.32,682940.92
L00398,C1398,2025-03-31,Education,446120,7.5,96,1146441,Business Owner,803,23,Male,Single,South,Hyderabad,Approved,No,4995.61,267672.0
L00399,C1399,2025-09-21,Business,2539963,12.3,180,2201615,Business Owner,630,27,Male,Single,West,Mumbai,Rejected,No,15846.55,4686231.74
L00400,C1400,2025-09-17,Home,976032,9.2,240,1154531,Self-Employed,810,27,Male,Single,West,Mumbai,Approved,No,4440.95,1795898.88
L00401,C1401,2025-07-04,Home,2543781,9.2,240,1993578,Business Owner,712,36,Male,Single,East,Kolkata,Pending,No,11574.2,4680557.04
L00402,C1402,2025-02-05,Education,741228,8.4,96,3767929,Salaried,835,42,Female,Single,South,Chennai,Approved,No,8369.7,498105.22
L00403,C1403,2025-08-03,Home,955582,9.5,240,3598956,Self-Employed,794,56,Female,Single,South,Bengaluru,Approved,No,4359.84,1815605.8
L00404,C1404,2025-11-29,Auto,723559,9.7,84,4727437,Self-Employed,756,33,Female,Married,East,Kolkata,Approved,No,9449.34,491296.56
L00405,C1405,2025-01-15,Auto,867059,9.5,84,3571502,Business Owner,785,58,Female,Married,North,Lucknow,Approved,No,11302.73,576594.23
L00406,C1406,2025-01-03,Education,732151,7.9,96,4538550,Self-Employed,628,42,Male,Married,East,Patna,Rejected,No,8229.07,462719.43
L00407,C1407,2025-12-31,Auto,1073337,10.1,84,1474165,Self-Employed,782,47,Male,Married,East,Bhubaneswar,Approved,No,14068.38,758849.26
L00408,C1408,2025-08-05,Personal,522317,13.0,60,4295100,Self-Employed,654,52,Female,Married,North,Jaipur,Rejected,No,9836.97,339506.05
L00409,C1409,2025-07-09,Personal,654844,14.8,60,4366498,Salaried,782,59,Female,Married,South,Hyderabad,Approved,No,12529.35,484584.56
L00410,C1410,2025-10-29,Business,1143005,10.9,180,2729261,Self-Employed,610,24,Female,Single,North,Jaipur,Rejected,No,7042.18,1868813.18
L00411,C1411,2025-11-07,Education,637859,8.6,96,317496,Salaried,631,29,Female,Single,South,Chennai,Rejected,No,7215.78,438846.99
L00412,C1412,2025-03-26,Auto,544131,10.3,84,1049228,Business Owner,804,22,Female,Married,West,Mumbai,Approved,No,7144.96,392318.45
L00413,C1413,2025-05-21,Business,2891778,10.1,180,4845235,Salaried,747,36,Female,Married,North,Delhi,Approved,No,17688.04,4381043.67
L00414,C1414,2025-10-05,Business,1925881,11.6,180,677350,Salaried,725,39,Male,Married,East,Bhubaneswar,Approved,No,11940.46,3351032.94
L00415,C1415,2025-06-15,Personal,441092,11.6,60,2873576,Self-Employed,843,45,Male,Married,East,Kolkata,Approved,No,8204.31,255833.36
L00416,C1416,2025-11-21,Business,3655752,11.0,180,2283831,Salaried,726,22,Female,Married,South,Chennai,Approved,No,22543.8,6031990.8
L00417,C1417,2025-08-05,Personal,313340,12.0,60,2855277,Business Owner,745,49,Male,Married,South,Hyderabad,Approved,No,5849.01,188004.0
L00418,C1418,2025-03-24,Auto,586578,8.9,84,1704099,Business Owner,600,55,Male,Single,West,Ahmedabad,Rejected,No,7604.56,365438.09
L00419,C1419,2025-05-20,Home,1972133,9.3,240,1471471,Salaried,785,41,Female,Married,North,Jaipur,Approved,No,8981.42,3668167.38
L00420,C1420,2025-10-03,Auto,302146,9.3,84,433165,Salaried,833,25,Male,Single,West,Ahmedabad,Pending,No,3931.49,196697.05
L00421,C1421,2025-12-15,Education,208840,7.4,96,3302834,Business Owner,699,43,Male,Married,North,Jaipur,Pending,No,2336.4,123633.28
L00422,C1422,2025-07-22,Personal,616777,14.3,60,2265098,Salaried,850,38,Female,Married,East,Patna,Approved,No,11749.6,440995.55
L00423,C1423,2025-12-14,Business,3628839,12.6,180,1772442,Salaried,616,55,Female,Single,South,Hyderabad,Rejected,No,22700.4,6858505.71
L00424,C1424,2025-09-30,Home,2506561,8.5,240,3009514,Self-Employed,710,41,Male,Single,North,Jaipur,Pending,No,11331.74,4261153.7
L00425,C1425,2025-01-13,Home,1746352,7.9,240,512835,Business Owner,788,42,Female,Married,South,Bengaluru,Pending,No,7851.31,2759236.16
L00426,C1426,2025-10-24,Personal,348243,13.5,60,3158854,Salaried,813,26,Male,Married,North,Jaipur,Approved,No,6587.6,235064.02
L00427,C1427,2025-11-13,Home,2653540,7.7,240,1369847,Self-Employed,615,35,Male,Single,West,Pune,Rejected,No,11907.76,4086451.6
L00428,C1428,2025-11-23,Education,544136,8.2,96,1149580,Business Owner,686,37,Female,Single,West,Pune,Approved,No,6132.87,356953.22
L00429,C1429,2025-10-26,Business,1077441,11.8,180,4029779,Business Owner,647,30,Male,Single,West,Ahmedabad,Rejected,No,6692.11,1907070.57
L00430,C1430,2025-11-24,Auto,914926,9.6,84,2741621,Salaried,694,25,Female,Married,East,Patna,Approved,No,11937.61,614830.27
L00431,C1431,2025-01-02,Education,639033,7.1,96,3077849,Business Owner,818,35,Male,Single,West,Ahmedabad,Approved,No,7129.21,362970.74
L00432,C1432,2025-04-10,Education,393194,7.2,96,3080950,Business Owner,806,58,Female,Married,South,Chennai,Approved,No,4390.67,226479.74
L00433,C1433,2025-02-21,Personal,456324,12.0,60,2683210,Salaried,644,29,Female,Married,North,Delhi,Rejected,No,8518.05,273794.4
L00434,C1434,2025-03-08,Auto,690437,10.3,84,4126913,Salaried,661,33,Female,Single,East,Kolkata,Approved,No,9066.1,497805.08
L00435,C1435,2025-03-06,Education,398287,8.3,96,2351431,Business Owner,835,58,Female,Married,East,Patna,Approved,No,4493.18,264462.57
L00436,C1436,2025-09-11,Business,2127875,11.4,180,844194,Self-Employed,642,38,Female,Married,North,Jaipur,Rejected,No,13169.18,3638666.25
L00437,C1437,2025-03-10,Personal,545668,13.2,60,4092322,Salaried,820,39,Female,Single,South,Chennai,Approved,No,10294.94,360140.88
L00438,C1438,2025-04-30,Home,2210854,8.3,240,4202825,Self-Employed,731,25,Female,Married,South,Hyderabad,Approved,No,9976.48,3670017.64
L00439,C1439,2025-05-09,Business,3796191,11.1,180,4885648,Self-Employed,764,38,Male,Married,East,Patna,Approved,No,23430.93,6320658.01
L00440,C1440,2025-04-27,Auto,723426,10.0,84,2664289,Business Owner,810,34,Female,Married,East,Kolkata,Approved,No,9473.44,506398.2
L00441,C1441,2025-07-11,Education,396971,7.9,96,3157659,Salaried,802,57,Male,Single,West,Ahmedabad,Approved,No,4461.79,250885.67
L00442,C1442,2025-06-19,Auto,1019074,9.6,84,3150635,Business Owner,657,59,Female,Single,North,Jaipur,Rejected,No,13296.49,684817.73
L00443,C1443,2025-01-17,Home,1589949,9.4,240,4783631,Business Owner,698,59,Female,Married,South,Bengaluru,Approved,No,7247.52,2989104.12
L00444,C1444,2025-03-22,Home,1663574,8.4,240,3537114,Salaried,672,29,Female,Single,South,Chennai,Pending,No,7513.81,2794804.32
L00445,C1445,2025-05-22,Personal,266494,13.7,60,1389950,Salaried,822,21,Male,Single,North,Jaipur,Approved,No,5050.06,182548.39
L00446,C1446,2025-12-25,Business,2887519,12.2,180,2370645,Business Owner,734,40,Female,Married,North,Jaipur,Approved,No,17998.87,5284159.77
L00447,C1447,2025-12-08,Personal,200174,12.1,60,3924521,Salaried,717,34,Female,Single,West,Mumbai,Pending,No,3739.92,121105.27
L00448,C1448,2025-08-25,Home,2167398,7.9,240,1182687,Self-Employed,729,42,Female,Married,North,Jaipur,Approved,No,9744.26,3424488.84
L00449,C1449,2025-08-30,Home,1372441,8.4,240,2402233,Self-Employed,629,31,Male,Married,West,Mumbai,Rejected,No,6198.86,2305700.88
L00450,C1450,2025-04-21,Auto,381354,8.9,84,1341457,Self-Employed,736,24,Male,Single,North,Delhi,Approved,No,4943.98,237583.54
L00451,C1451,2025-04-09,Home,2382911,9.3,240,339139,Business Owner,612,25,Male,Married,East,Bhubaneswar,Rejected,No,10852.17,4432214.46
L00452,C1452,2025-04-29,Personal,438354,14.8,60,669203,Salaried,706,27,Female,Single,South,Hyderabad,Approved,No,8387.17,324381.96
L00453,C1453,2025-07-30,Education,430787,7.1,96,2952815,Self-Employed,603,59,Female,Married,South,Chennai,Rejected,No,4805.97,244687.02
L00454,C1454,2025-02-04,Home,2429761,7.9,240,3020880,Self-Employed,761,22,Female,Single,South,Bengaluru,Approved,No,10923.8,3839022.38
L00455,C1455,2025-09-13,Business,3085153,11.3,180,411498,Self-Employed,659,33,Male,Single,South,Hyderabad,Rejected,No,19076.53,5229334.33
L00456,C1456,2025-05-28,Home,2661122,8.1,240,2297025,Salaried,836,35,Female,Single,South,Hyderabad,Approved,No,11986.14,4311017.64
L00457,C1457,2025-04-09,Business,3861532,10.6,180,753605,Salaried,832,30,Male,Married,South,Chennai,Approved,No,23726.97,6139835.88
L00458,C1458,2025-05-08,Business,1491156,10.9,180,4904063,Self-Employed,812,39,Female,Married,North,Delhi,Approved,No,9187.18,2438040.06
L00459,C1459,2025-07-15,Home,2384261,8.5,240,3316391,Self-Employed,701,26,Female,Married,East,Bhubaneswar,Approved,No,10778.85,4053243.7
L00460,C1460,2025-07-11,Education,789448,7.3,96,4189388,Self-Employed,678,46,Female,Single,South,Bengaluru,Approved,No,8823.73,461037.63
L00461,C1461,2025-06-28,Education,330524,8.9,96,2882104,Business Owner,764,52,Female,Married,East,Bhubaneswar,Approved,No,3749.38,235333.09
L00462,C1462,2025-12-06,Personal,255067,13.4,60,2333003,Salaried,722,21,Male,Married,West,Pune,Approved,No,4820.77,170894.89
L00463,C1463,2025-07-30,Business,2273959,11.5,180,974010,Business Owner,732,26,Male,Single,West,Pune,Approved,No,14085.91,3922579.27
L00464,C1464,2025-08-09,Personal,101655,12.2,60,3638416,Salaried,778,32,Female,Married,South,Bengaluru,Approved,No,1900.95,62009.55
L00465,C1465,2025-07-29,Education,422899,7.4,96,1826595,Self-Employed,728,60,Male,Married,South,Chennai,Approved,No,4731.18,250356.21
L00466,C1466,2025-01-04,Home,1960824,8.5,240,3468616,Business Owner,631,58,Male,Married,North,Jaipur,Rejected,No,8864.56,3333400.8
L00467,C1467,2025-06-11,Home,2981348,9.0,240,3451313,Salaried,754,44,Female,Single,South,Hyderabad,Approved,No,13540.29,5366426.4
L00468,C1468,2025-07-08,Auto,721326,9.1,84,1140348,Self-Employed,600,60,Female,Single,North,Jaipur,Rejected,No,9368.65,459484.66
L00469,C1469,2025-12-04,Auto,1146785,10.0,84,439505,Business Owner,762,27,Female,Single,South,Chennai,Pending,No,15017.42,802749.5
L00470,C1470,2025-08-17,Personal,191320,11.7,60,4662532,Salaried,824,51,Male,Married,South,Hyderabad,Approved,No,3561.74,111922.2
L00471,C1471,2025-10-01,Home,922565,7.9,240,1184743,Business Owner,711,52,Male,Single,South,Chennai,Approved,No,4147.7,1457652.7
L00472,C1472,2025-02-27,Business,2081295,11.3,180,842466,Salaried,764,42,Male,Married,South,Hyderabad,Approved,No,12869.34,3527795.02
L00473,C1473,2025-03-06,Auto,364891,9.1,84,3489307,Business Owner,747,59,Male,Married,East,Kolkata,Approved,No,4739.24,232435.57
L00474,C1474,2025-11-03,Business,3923172,10.4,180,4163816,Self-Employed,680,40,Male,Single,West,Mumbai,Approved,No,24062.12,6120148.32
L00475,C1475,2025-04-02,Personal,260119,13.8,60,4452575,Self-Employed,674,46,Female,Married,West,Ahmedabad,Approved,No,4933.59,179482.11
L00476,C1476,2025-02-19,Education,610373,8.8,96,3130401,Salaried,708,41,Male,Single,North,Lucknow,Pending,No,6917.56,429702.59
L00477,C1477,2025-12-14,Personal,328732,14.4,60,1453944,Salaried,713,45,Female,Married,West,Ahmedabad,Approved,No,6267.82,236687.04
L00478,C1478,2025-09-08,Auto,840472,9.3,84,4275157,Self-Employed,645,59,Male,Single,North,Delhi,Rejected,No,10936.14,547147.27
L00479,C1479,2025-10-21,Education,325829,8.0,96,2608679,Business Owner,761,51,Female,Married,North,Jaipur,Approved,No,3665.58,208530.56
L00480,C1480,2025-02-02,Education,266582,8.1,96,3937774,Business Owner,676,58,Male,Married,South,Bengaluru,Pending,No,3001.82,172745.14
L00481,C1481,2025-01-18,Business,3857594,10.6,180,1809425,Salaried,601,28,Female,Single,North,Delhi,Rejected,No,23702.77,6133574.46
L00482,C1482,2025-11-07,Home,993635,8.4,240,2383202,Business Owner,676,53,Male,Married,South,Bengaluru,Pending,No,4487.92,1669306.8
L00483,C1483,2025-05-11,Home,2057071,7.9,240,1877676,Self-Employed,636,45,Male,Single,North,Delhi,Rejected,No,9248.25,3250172.18
L00484,C1484,2025-09-19,Auto,513660,8.9,84,3868038,Business Owner,840,31,Female,Married,West,Mumbai,Approved,No,6659.23,320010.18
L00485,C1485,2025-05-20,Education,330674,8.3,96,517347,Salaried,846,35,Female,Married,East,Bhubaneswar,Pending,No,3730.42,219567.54
L00486,C1486,2025-12-25,Personal,652049,13.1,60,3476198,Business Owner,843,39,Female,Married,North,Jaipur,Approved,No,12291.12,427092.1
L00487,C1487,2025-09-20,Auto,1077306,9.5,84,3567894,Business Owner,646,30,Male,Married,North,Delhi,Rejected,No,14043.45,716408.49
L00488,C1488,2025-05-22,Auto,1115297,10.5,84,743460,Self-Employed,835,54,Male,Single,West,Ahmedabad,Approved,No,14671.47,819743.29
L00489,C1489,2025-09-10,Education,280418,8.5,96,2923427,Salaried,816,48,Male,Single,North,Jaipur,Approved,No,3169.31,190684.24
L00490,C1490,2025-11-07,Business,3084893,12.2,180,1345988,Self-Employed,703,31,Male,Married,West,Ahmedabad,Approved,No,19229.17,5645354.19
L00491,C1491,2025-05-29,Personal,278765,13.2,60,4609097,Self-Employed,690,51,Female,Single,North,Jaipur,Approved,No,5259.37,183984.9
L00492,C1492,2025-06-02,Business,3196826,12.5,180,3601936,Self-Employed,655,27,Male,Single,South,Chennai,Rejected,No,19980.16,5994048.75
L00493,C1493,2025-12-03,Auto,507140,8.7,84,374354,Self-Employed,625,35,Female,Single,South,Bengaluru,Rejected,No,6562.63,308848.26
L00494,C1494,2025-01-03,Auto,1150965,9.4,84,3893188,Self-Employed,828,33,Male,Married,East,Bhubaneswar,Approved,No,14989.95,757334.97
L00495,C1495,2025-06-16,Personal,602577,13.0,60,3609691,Self-Employed,707,53,Female,Married,East,Kolkata,Approved,No,11348.53,391675.05
L00496,C1496,2025-05-29,Home,2243346,8.9,240,1358001,Self-Employed,639,52,Male,Single,North,Delhi,Rejected,No,10179.18,3993155.88
L00497,C1497,2025-02-22,Personal,376331,13.8,60,4588590,Business Owner,647,53,Male,Married,South,Hyderabad,Rejected,No,7137.74,259668.39
L00498,C1498,2025-04-24,Home,960920,7.5,240,1409777,Self-Employed,702,48,Female,Married,South,Chennai,Approved,No,4304.12,1441380.0
L00499,C1499,2025-06-14,Home,1929299,8.0,240,2852569,Salaried,628,39,Female,Single,West,Ahmedabad,Rejected,No,8681.85,3086878.4
L00500,C1500,2025-07-05,Personal,216946,12.3,60,2416135,Business Owner,842,58,Female,Married,North,Jaipur,Approved,No,4060.51,133421.79
L00501,C1501,2025-02-20,Business,1047295,12.7,180,3521639,Salaried,622,55,Female,Single,East,Kolkata,Rejected,No,6557.23,1995096.97
L00502,C1502,2025-07-07,Business,1304076,12.3,180,1589097,Self-Employed,611,28,Female,Married,West,Mumbai,Rejected,No,8135.99,2406020.22
L00503,C1503,2025-07-23,Business,1200176,12.9,180,4526763,Self-Employed,802,55,Male,Married,West,Pune,Approved,No,7527.77,2322340.56
L00504,C1504,2025-06-05,Education,203775,8.9,96,3573628,Salaried,702,39,Female,Married,West,Ahmedabad,Pending,No,2311.57,145087.8
L00505,C1505,2025-01-01,Home,2024079,9.4,240,4775874,Business Owner,660,43,Female,Single,South,Chennai,Approved,No,9226.43,3805268.52
L00506,C1506,2025-05-24,Business,2212714,11.9,180,2514912,Salaried,784,37,Male,Married,North,Lucknow,Approved,No,13755.71,3949694.49
L00507,C1507,2025-08-11,Auto,640014,10.0,84,4921097,Self-Employed,652,30,Female,Married,West,Ahmedabad,Rejected,No,8381.14,448009.8
L00508,C1508,2025-11-08,Education,714345,7.4,96,1852127,Salaried,808,25,Male,Married,West,Mumbai,Approved,No,7991.73,422892.24
L00509,C1509,2025-01-23,Education,212361,8.5,96,3676450,Salaried,625,36,Male,Single,West,Mumbai,Rejected,No,2400.12,144405.48
L00510,C1510,2025-06-07,Business,3820465,10.3,180,413220,Self-Employed,802,51,Male,Married,South,Hyderabad,Approved,No,23410.96,5902618.43
L00511,C1511,2025-01-13,Auto,346688,10.2,84,4860155,Salaried,631,48,Female,Married,North,Lucknow,Rejected,No,4548.22,247535.23
L00512,C1512,2025-11-12,Auto,1049575,8.7,84,2194855,Self-Employed,835,28,Female,Married,East,Patna,Approved,No,13582.0,639191.17
L00513,C1513,2025-09-13,Personal,257517,14.5,60,1793740,Business Owner,709,44,Female,Married,North,Lucknow,Pending,No,4914.28,186699.82
L00514,C1514,2025-03-07,Personal,170583,12.3,60,2986502,Salaried,637,45,Female,Single,North,Delhi,Rejected,No,3192.75,104908.54
L00515,C1515,2025-07-16,Education,457853,8.1,96,3772416,Salaried,754,58,Female,Married,West,Pune,Approved,No,5155.62,296688.74
L00516,C1516,2025-03-13,Auto,885498,9.2,84,324042,Self-Employed,652,50,Male,Single,North,Delhi,Rejected,No,11511.47,570260.71
L00517,C1517,2025-10-25,Personal,495796,11.4,60,768635,Salaried,791,51,Male,Married,South,Chennai,Approved,No,9205.28,282603.72
L00518,C1518,2025-07-30,Personal,256989,14.8,60,962643,Business Owner,662,42,Female,Married,South,Bengaluru,Pending,No,4917.06,190171.86
L00519,C1519,2025-12-31,Personal,627743,12.8,60,803323,Self-Employed,825,57,Female,Married,East,Kolkata,Approved,No,11801.57,401755.52
L00520,C1520,2025-02-09,Auto,1079233,8.9,84,1071219,Business Owner,733,50,Female,Single,West,Mumbai,Approved,No,13991.48,672362.16
L00521,C1521,2025-05-25,Personal,383031,11.1,60,758619,Salaried,805,55,Male,Married,West,Pune,Approved,No,7092.46,212582.2
L00522,C1522,2025-01-25,Home,1646099,7.7,240,2893087,Self-Employed,648,26,Female,Married,South,Hyderabad,Rejected,No,7386.87,2534992.46
L00523,C1523,2025-03-18,Education,573122,8.5,96,4496116,Salaried,649,58,Female,Single,East,Bhubaneswar,Rejected,No,6477.47,389722.96
L00524,C1524,2025-09-14,Personal,342818,11.6,60,1571191,Business Owner,774,59,Female,Single,North,Jaipur,Approved,No,6376.41,198834.44
L00525,C1525,2025-09-12,Auto,1047385,8.6,84,3322552,Salaried,759,21,Male,Single,South,Bengaluru,Approved,No,13541.19,630525.77
L00526,C1526,2025-05-12,Home,1511847,8.7,240,4115204,Self-Employed,680,29,Male,Single,North,Jaipur,Pending,No,6847.41,2630613.78
L00527,C1527,2025-11-14,Auto,684546,9.5,84,3663321,Business Owner,704,24,Male,Married,North,Jaipur,Approved,No,8923.55,455223.09
L00528,C1528,2025-02-25,Auto,533886,9.4,84,3452620,Salaried,640,32,Male,Single,South,Chennai,Rejected,No,6953.23,351296.99
L00529,C1529,2025-08-29,Education,709917,7.1,96,3057508,Salaried,616,34,Female,Married,West,Mumbai,Rejected,No,7920.01,403232.86
L00530,C1530,2025-02-05,Auto,356704,9.0,84,3908021,Self-Employed,850,46,Male,Single,West,Mumbai,Approved,No,4628.66,224723.52
L00531,C1531,2025-08-03,Business,1272080,11.3,180,2096042,Self-Employed,771,51,Male,Single,West,Pune,Approved,No,7865.69,2156175.6
L00532,C1532,2025-06-12,Business,2852620,11.7,180,3564325,Salaried,810,30,Female,Married,East,Patna,Approved,No,17702.09,5006348.1
L00533,C1533,2025-10-07,Home,2983939,8.8,240,3709018,Salaried,667,59,Female,Married,West,Pune,Approved,No,13527.19,5251732.64
L00534,C1534,2025-06-30,Personal,626474,12.7,60,420552,Business Owner,694,48,Female,Married,East,Kolkata,Pending,No,11767.27,397810.99
L00535,C1535,2025-02-20,Education,600098,7.6,96,3429969,Salaried,645,27,Male,Married,South,Bengaluru,Rejected,No,6726.1,364859.58
L00536,C1536,2025-08-29,Education,234220,8.1,96,4869557,Salaried,625,43,Female,Single,West,Mumbai,Rejected,No,2637.41,151774.56
L00537,C1537,2025-08-01,Auto,990677,9.3,84,2178516,Salaried,729,21,Male,Married,West,Mumbai,Approved,No,12890.59,644930.73
L00538,C1538,2025-03-07,Business,2899928,10.6,180,2963139,Business Owner,685,45,Male,Single,East,Patna,Pending,No,17818.45,4610885.52
L00539,C1539,2025-10-11,Personal,628751,14.7,60,3969190,Salaried,659,41,Male,Married,East,Patna,Rejected,No,12019.62,462131.98
L00540,C1540,2025-04-06,Education,770081,9.0,96,396788,Salaried,760,35,Female,Married,North,Delhi,Pending,No,8743.63,554458.32
L00541,C1541,2025-02-24,Education,350753,7.9,96,2485062,Salaried,768,39,Female,Married,South,Hyderabad,Approved,No,3942.32,221675.9
L00542,C1542,2025-06-10,Education,714889,7.4,96,3331620,Business Owner,833,49,Male,Married,North,Delhi,Approved,No,7997.82,423214.29
L00543,C1543,2025-01-12,Personal,105258,11.1,60,563825,Business Owner,630,53,Male,Married,East,Kolkata,Rejected,No,1949.03,58418.19
L00544,C1544,2025-09-11,Personal,380589,13.6,60,547443,Self-Employed,683,53,Female,Married,East,Kolkata,Pending,No,7205.82,258800.52
L00545,C1545,2025-05-20,Personal,273699,12.7,60,2657893,Self-Employed,846,60,Male,Single,East,Kolkata,Approved,No,5140.98,173798.86
L00546,C1546,2025-07-23,Business,2384934,11.2,180,3260469,Salaried,695,28,Male,Single,West,Mumbai,Pending,No,14733.59,4006689.12
L00547,C1547,2025-08-27,Auto,689714,9.1,84,2357877,Business Owner,618,41,Male,Married,West,Mumbai,Rejected,No,8958.07,439347.82
L00548,C1548,2025-04-12,Business,931678,11.9,180,2079854,Salaried,734,24,Female,Single,West,Pune,Approved,No,5791.93,1663045.23
L00549,C1549,2025-01-03,Education,542753,8.6,96,1300417,Self-Employed,631,39,Male,Single,North,Jaipur,Rejected,No,6139.89,373414.06
L00550,C1550,2025-09-10,Business,791311,10.8,180,628164,Business Owner,686,24,Female,Single,North,Lucknow,Pending,No,4870.96,1281923.82
L00551,C1551,2025-02-15,Home,1230937,7.8,240,3436551,Salaried,840,44,Male,Married,West,Pune,Approved,No,5528.96,1920261.72
L00552,C1552,2025-03-17,Home,2076285,8.0,240,702681,Business Owner,842,47,Female,Married,East,Kolkata,Approved,No,9343.28,3322056.0
L00553,C1553,2025-05-05,Education,706154,7.7,96,4411288,Business Owner,849,34,Male,Married,South,Hyderabad,Approved,No,7922.17,434990.86
L00554,C1554,2025-06-09,Personal,297045,13.1,60,410126,Business Owner,771,50,Male,Married,West,Mumbai,Pending,No,5599.3,194564.47
L00555,C1555,2025-11-28,Auto,838406,8.8,84,3534443,Salaried,849,30,Female,Married,South,Chennai,Approved,No,10859.35,516458.1
L00556,C1556,2025-07-23,Home,1918858,8.2,240,4165863,Business Owner,647,48,Female,Married,North,Delhi,Rejected,No,8650.85,3146927.12
L00557,C1557,2025-02-25,Auto,743116,9.1,84,1120512,Business Owner,612,24,Male,Married,West,Pune,Rejected,No,9651.66,473364.89
L00558,C1558,2025-12-21,Home,1916432,8.1,240,599372,Self-Employed,747,52,Male,Married,South,Chennai,Approved,No,8631.93,3104619.84
L00559,C1559,2025-03-27,Auto,494069,9.9,84,2715739,Salaried,787,42,Female,Married,South,Bengaluru,Approved,No,6464.07,342389.82
L00560,C1560,2025-05-07,Education,280716,8.9,96,3889674,Self-Employed,685,28,Male,Married,North,Lucknow,Pending,No,3184.37,199869.79
L00561,C1561,2025-12-06,Business,3751661,11.0,180,4520698,Self-Employed,642,37,Female,Single,East,Kolkata,Rejected,No,23135.24,6190240.65
L00562,C1562,2025-04-23,Auto,996188,9.8,84,3099604,Business Owner,828,30,Female,Single,North,Jaipur,Approved,No,13021.6,683384.97
L00563,C1563,2025-09-27,Business,3622093,12.9,180,3913145,Salaried,692,37,Female,Single,North,Delhi,Pending,No,22718.57,7008749.96
L00564,C1564,2025-05-28,Education,745341,8.1,96,2617328,Salaried,679,21,Female,Married,West,Ahmedabad,Pending,No,8392.85,482980.97
L00565,C1565,2025-10-31,Personal,418395,11.9,60,4688803,Salaried,847,24,Female,Single,West,Ahmedabad,Approved,No,7803.07,248945.02
L00566,C1566,2025-04-11,Auto,667230,8.8,84,305383,Self-Employed,612,58,Male,Single,North,Jaipur,Rejected,No,8642.22,411013.68
L00567,C1567,2025-04-13,Education,302905,7.9,96,3274870,Self-Employed,663,29,Female,Married,South,Chennai,Approved,No,3404.53,191435.96
L00568,C1568,2025-07-03,Home,2734221,7.7,240,2794219,Self-Employed,745,43,Female,Single,East,Bhubaneswar,Approved,No,12269.82,4210700.34
L00569,C1569,2025-01-28,Education,292724,8.0,96,532137,Self-Employed,833,29,Female,Married,West,Pune,Pending,No,3293.15,187343.36
L00570,C1570,2025-03-04,Education,312248,8.4,96,755889,Business Owner,621,58,Male,Married,West,Ahmedabad,Rejected,No,3525.8,209830.66
L00571,C1571,2025-03-03,Education,525992,7.1,96,1444229,Business Owner,657,27,Male,Married,South,Hyderabad,Rejected,No,5868.1,298763.46
L00572,C1572,2025-12-03,Home,2438772,8.5,240,4542995,Business Owner,713,28,Female,Married,North,Jaipur,Pending,No,11025.28,4145912.4
L00573,C1573,2025-12-08,Personal,310083,13.0,60,2318986,Self-Employed,643,46,Female,Married,North,Delhi,Rejected,No,5839.9,201553.95
L00574,C1574,2025-01-22,Education,791616,8.8,96,1542910,Self-Employed,607,29,Female,Single,West,Pune,Rejected,No,8971.65,557297.66
L00575,C1575,2025-08-24,Personal,509599,13.3,60,3301004,Business Owner,728,29,Female,Single,East,Kolkata,Approved,No,9622.93,338883.34
L00576,C1576,2025-06-28,Education,389136,7.6,96,3458501,Business Owner,846,60,Female,Married,West,Mumbai,Approved,No,4361.57,236594.69
L00577,C1577,2025-03-31,Personal,439381,11.9,60,2243676,Business Owner,624,45,Female,Married,North,Delhi,Rejected,No,8194.46,261431.7
L00578,C1578,2025-10-21,Auto,1100432,9.9,84,1260275,Business Owner,609,33,Male,Single,North,Lucknow,Rejected,No,14397.32,762599.38
L00579,C1579,2025-03-13,Auto,1153370,10.4,84,2191602,Salaried,651,44,Female,Married,West,Pune,Rejected,No,15158.58,839653.36
L00580,C1580,2025-08-07,Business,2892305,11.9,180,4462221,Business Owner,648,45,Male,Married,East,Kolkata,Rejected,No,17980.5,5162764.42
L00581,C1581,2025-07-03,Auto,353979,9.1,84,1146519,Salaried,630,31,Female,Married,South,Hyderabad,Rejected,No,4597.51,225484.62
L00582,C1582,2025-05-14,Business,3094784,12.8,180,4494698,Salaried,679,42,Male,Married,South,Hyderabad,Pending,No,19393.98,5941985.28
L00583,C1583,2025-03-08,Auto,1144797,9.3,84,822849,Self-Employed,660,23,Male,Married,South,Hyderabad,Pending,No,14895.99,745262.85
L00584,C1584,2025-12-16,Personal,122484,13.4,60,3238174,Business Owner,710,22,Female,Married,West,Ahmedabad,Pending,No,2314.95,82064.28
L00585,C1585,2025-01-30,Personal,559226,12.4,60,3904741,Salaried,779,35,Male,Married,West,Pune,Approved,No,10476.17,346720.12
L00586,C1586,2025-05-06,Business,3519172,11.3,180,684028,Self-Employed,805,29,Female,Single,South,Bengaluru,Approved,No,21760.21,5964996.54
L00587,C1587,2025-05-17,Home,1663443,8.4,240,940704,Self-Employed,664,55,Male,Married,North,Lucknow,Approved,No,7513.22,2794584.24
L00588,C1588,2025-12-24,Business,1353771,11.7,180,4378605,Self-Employed,671,50,Male,Married,East,Bhubaneswar,Approved,No,8400.9,2375868.1
L00589,C1589,2025-01-23,Auto,1167359,9.5,84,2631758,Salaried,750,34,Female,Married,West,Mumbai,Approved,No,15217.36,776293.73
L00590,C1590,2025-08-11,Home,2258797,9.1,240,2859767,Self-Employed,608,24,Male,Single,West,Ahmedabad,Rejected,No,10268.11,4111010.54
L00591,C1591,2025-05-21,Education,599812,7.0,96,3855385,Salaried,746,36,Female,Single,East,Patna,Approved,No,6685.4,335894.72
L00592,C1592,2025-08-14,Business,3265010,12.0,180,2600742,Salaried,692,50,Male,Single,West,Mumbai,Approved,No,20315.62,5877018.0
L00593,C1593,2025-03-07,Business,2930894,10.2,180,2127395,Salaried,704,32,Male,Married,West,Ahmedabad,Pending,No,17943.58,4484267.82
L00594,C1594,2025-01-09,Home,2925334,8.6,240,1845647,Business Owner,775,43,Male,Married,South,Chennai,Approved,No,13237.14,5031574.48
L00595,C1595,2025-03-15,Home,1274722,8.2,240,4552503,Salaried,713,41,Female,Single,East,Kolkata,Pending,No,5746.87,2090544.08
L00596,C1596,2025-06-10,Auto,332670,10.3,84,4248392,Business Owner,841,53,Female,Married,West,Ahmedabad,Approved,No,4368.27,239855.07
L00597,C1597,2025-11-07,Home,1129022,9.5,240,1558917,Self-Employed,697,54,Female,Single,West,Ahmedabad,Approved,No,5151.16,2145141.8
L00598,C1598,2025-07-29,Business,1878602,12.2,180,2758409,Self-Employed,833,26,Female,Married,East,Kolkata,Approved,No,11709.95,3437841.66
L00599,C1599,2025-06-24,Education,331366,8.3,96,2232314,Self-Employed,714,28,Male,Single,East,Patna,Pending,No,3738.22,220027.02
L00600,C1600,2025-03-06,Personal,274872,14.0,60,4445652,Salaried,761,48,Male,Married,West,Ahmedabad,Approved,No,5222.57,192410.4
L00601,C1601,2025-06-22,Business,2271500,10.7,180,4740171,Business Owner,835,59,Male,Married,North,Delhi,Approved,No,13969.73,3645757.5
L00602,C1602,2025-09-18,Auto,771600,10.0,84,4065607,Salaried,833,30,Male,Single,North,Lucknow,Approved,No,10104.29,540120.0
L00603,C1603,2025-09-18,Auto,916647,8.6,84,3979134,Self-Employed,645,39,Female,Single,West,Pune,Rejected,No,11850.94,551821.49
L00604,C1604,2025-03-28,Personal,429638,12.8,60,651771,Self-Employed,808,37,Male,Married,East,Kolkata,Approved,No,8077.19,274968.32
L00605,C1605,2025-01-14,Home,2933634,9.4,240,2035125,Self-Employed,741,34,Female,Single,East,Kolkata,Approved,No,13372.48,5515231.92
L00606,C1606,2025-02-10,Personal,565992,12.1,60,4107164,Business Owner,675,35,Male,Single,West,Ahmedabad,Approved,No,10574.62,342425.16
L00607,C1607,2025-10-13,Auto,1114791,8.7,84,2616162,Business Owner,716,23,Male,Married,South,Hyderabad,Approved,No,14425.93,678907.72
L00608,C1608,2025-09-22,Education,358789,7.4,96,2147251,Business Owner,772,34,Male,Single,South,Hyderabad,Approved,No,4013.95,212403.09
L00609,C1609,2025-06-03,Business,662792,10.7,180,2049418,Salaried,781,39,Female,Single,North,Jaipur,Approved,No,4076.17,1063781.16
L00610,C1610,2025-06-13,Auto,529565,9.0,84,4858481,Business Owner,723,28,Female,Single,West,Ahmedabad,Approved,No,6871.74,333625.95
L00611,C1611,2025-12-12,Education,480938,8.1,96,3756130,Self-Employed,775,47,Female,Single,South,Bengaluru,Approved,No,5415.56,311647.82
L00612,C1612,2025-11-11,Auto,529583,9.6,84,758297,Business Owner,668,42,Male,Married,West,Pune,Approved,No,6909.8,355879.78
L00613,C1613,2025-10-02,Home,2279333,8.8,240,3095823,Self-Employed,833,35,Female,Married,North,Jaipur,Approved,No,10332.98,4011626.08
L00614,C1614,2025-04-28,Education,221001,7.3,96,2108710,Business Owner,741,36,Male,Single,East,Bhubaneswar,Approved,No,2470.15,129064.58
L00615,C1615,2025-11-06,Education,277479,7.0,96,1400528,Salaried,809,27,Female,Married,North,Jaipur,Approved,No,3092.73,155388.24
L00616,C1616,2025-04-24,Education,681197,7.8,96,4597950,Self-Employed,790,56,Female,Single,East,Bhubaneswar,Approved,No,7649.27,425066.93
L00617,C1617,2025-09-02,Business,572194,12.1,180,4549614,Business Owner,662,27,Female,Single,East,Patna,Approved,No,3563.5,1038532.11
L00618,C1618,2025-04-30,Home,1509909,7.8,240,1100181,Salaried,743,52,Female,Single,South,Hyderabad,Approved,No,6782.01,2355458.04
L00619,C1619,2025-11-30,Auto,892772,9.6,84,1563424,Salaried,609,41,Female,Single,East,Patna,Rejected,No,11648.55,599942.78
L00620,C1620,2025-09-11,Education,369966,8.9,96,950154,Salaried,696,54,Female,Married,North,Delhi,Pending,No,4196.8,263415.79
L00621,C1621,2025-12-17,Home,2626532,8.1,240,2789328,Salaried,630,60,Female,Single,West,Pune,Rejected,No,11830.34,4254981.84
L00622,C1622,2025-12-26,Personal,110298,11.0,60,3069726,Salaried,837,33,Male,Single,West,Pune,Approved,No,2040.51,60663.9
L00623,C1623,2025-08-07,Home,1456211,8.2,240,4231691,Business Owner,752,40,Female,Single,East,Kolkata,Approved,No,6565.08,2388186.04
L00624,C1624,2025-07-16,Business,931913,11.7,180,1999432,Self-Employed,619,57,Female,Single,East,Patna,Rejected,No,5783.04,1635507.31
L00625,C1625,2025-09-19,Home,1183100,7.8,240,2244739,Self-Employed,655,48,Female,Single,South,Chennai,Rejected,No,5314.09,1845636.0
L00626,C1626,2025-04-20,Home,2449396,8.2,240,2319749,Salaried,743,38,Male,Single,East,Patna,Approved,No,11042.69,4017009.44
L00627,C1627,2025-11-12,Auto,665093,10.0,84,1308644,Business Owner,742,33,Female,Single,West,Pune,Approved,No,8709.55,465565.1
L00628,C1628,2025-01-18,Home,2314107,8.2,240,1942792,Business Owner,713,38,Female,Single,South,Hyderabad,Pending,No,10432.77,3795135.48
L00629,C1629,2025-10-07,Auto,1163319,9.5,84,2599936,Salaried,760,23,Female,Married,North,Lucknow,Approved,No,15164.69,773607.14
L00630,C1630,2025-04-10,Personal,158770,12.1,60,1404345,Business Owner,621,60,Male,Single,South,Hyderabad,Rejected,No,2966.35,96055.85
L00631,C1631,2025-08-16,Personal,164470,11.3,60,3372382,Salaried,732,38,Male,Single,East,Patna,Approved,No,3050.92,92925.55
L00632,C1632,2025-04-06,Home,2270878,9.2,240,2910237,Self-Employed,670,58,Male,Married,South,Hyderabad,Approved,No,10332.49,4178415.52
L00633,C1633,2025-07-31,Auto,1177981,9.1,84,4161688,Salaried,620,33,Female,Married,North,Delhi,Rejected,No,15299.73,750373.9
L00634,C1634,2025-03-21,Auto,672405,10.2,84,3987618,Business Owner,667,57,Male,Single,South,Bengaluru,Pending,No,8821.31,480097.17
L00635,C1635,2025-09-01,Auto,1170168,8.9,84,2040191,Salaried,687,50,Female,Single,East,Patna,Approved,No,15170.39,729014.66
L00636,C1636,2025-03-25,Business,3140197,11.0,180,583952,Self-Employed,682,55,Male,Married,West,Ahmedabad,Pending,No,19364.55,5181325.05
L00637,C1637,2025-04-30,Education,455421,7.8,96,3948780,Business Owner,787,27,Female,Single,West,Ahmedabad,Approved,No,5114.0,284182.7
L00638,C1638,2025-01-28,Education,749543,8.3,96,539538,Salaried,641,40,Male,Single,East,Patna,Rejected,No,8455.78,497696.55
L00639,C1639,2025-12-17,Personal,422465,12.0,60,4163689,Business Owner,600,44,Male,Single,West,Pune,Rejected,No,7886.01,253479.0
L00640,C1640,2025-03-10,Home,2452754,9.2,240,4249362,Self-Employed,740,41,Female,Single,South,Bengaluru,Approved,No,11160.03,4513067.36
L00641,C1641,2025-02-09,Home,912811,8.2,240,3209732,Business Owner,725,35,Male,Single,West,Ahmedabad,Approved,No,4115.26,1497010.04
L00642,C1642,2025-04-02,Personal,546390,12.0,60,2832838,Salaried,711,46,Male,Single,South,Chennai,Pending,No,10199.28,327834.0
L00643,C1643,2025-01-28,Home,851273,8.3,240,3692970,Self-Employed,805,48,Female,Married,North,Jaipur,Approved,No,3841.37,1413113.18
L00644,C1644,2025-06-22,Auto,682585,9.3,84,4272402,Business Owner,782,58,Female,Married,West,Ahmedabad,Approved,No,8881.73,444362.84
L00645,C1645,2025-04-02,Home,967119,7.6,240,4198716,Self-Employed,672,43,Female,Married,West,Pune,Approved,No,4335.92,1470020.88
L00646,C1646,2025-08-09,Auto,1067457,8.7,84,598760,Self-Employed,752,43,Female,Married,West,Pune,Pending,No,13813.4,650081.31
L00647,C1647,2025-01-12,Home,960588,8.5,240,3039622,Salaried,695,37,Male,Single,West,Mumbai,Pending,No,4342.66,1632999.6
L00648,C1648,2025-12-10,Business,2761390,11.4,180,2489223,Salaried,677,59,Female,Married,North,Delhi,Approved,No,17089.94,4721976.9
L00649,C1649,2025-01-10,Home,878512,8.0,240,3715696,Business Owner,653,41,Male,Married,East,Bhubaneswar,Rejected,No,3953.3,1405619.2
L00650,C1650,2025-08-16,Business,3162429,12.8,180,4164163,Salaried,750,50,Female,Married,East,Patna,Approved,No,19817.89,6071863.68
L00651,C1651,2025-06-05,Education,799065,7.4,96,2444904,Self-Employed,703,41,Female,Single,South,Hyderabad,Pending,No,8939.54,473046.48
L00652,C1652,2025-10-03,Business,2869330,10.9,180,1698668,Salaried,759,45,Male,Married,North,Delhi,Approved,No,17678.26,4691354.55
L00653,C1653,2025-07-05,Personal,676790,12.3,60,1228054,Business Owner,746,27,Female,Single,West,Mumbai,Approved,No,12667.25,416225.85
L00654,C1654,2025-12-01,Education,619487,8.3,96,4191592,Self-Employed,673,47,Female,Married,South,Bengaluru,Approved,No,6988.59,411339.37
L00655,C1655,2025-02-16,Personal,528631,12.9,60,1462426,Self-Employed,756,22,Female,Married,North,Lucknow,Approved,No,9947.07,340966.99
L00656,C1656,2025-11-05,Auto,509490,8.9,84,2307522,Self-Employed,644,36,Male,Single,South,Bengaluru,Rejected,No,6605.17,317412.27
L00657,C1657,2025-05-14,Auto,373234,9.5,84,1636024,Business Owner,662,55,Male,Married,North,Lucknow,Pending,No,4865.37,248200.61
L00658,C1658,2025-02-23,Home,2470997,8.3,240,2757552,Salaried,807,37,Male,Married,West,Pune,Approved,No,11150.37,4101855.02
L00659,C1659,2025-05-06,Auto,806033,8.6,84,1490763,Self-Employed,833,42,Female,Single,East,Bhubaneswar,Approved,No,10420.86,485231.87
L00660,C1660,2025-03-23,Auto,446822,9.2,84,2609375,Business Owner,752,40,Female,Single,East,Bhubaneswar,Approved,No,5808.69,287753.37
L00661,C1661,2025-09-18,Personal,129365,12.5,60,1529150,Business Owner,755,54,Female,Single,East,Kolkata,Approved,No,2425.59,80853.12
L00662,C1662,2025-06-25,Personal,277336,13.7,60,4503491,Salaried,680,40,Male,Married,South,Bengaluru,Approved,No,5255.52,189975.16
L00663,C1663,2025-09-26,Business,1995275,12.7,180,1303205,Salaried,766,33,Female,Married,South,Bengaluru,Approved,No,12492.64,3800998.88
L00664,C1664,2025-05-12,Home,1081847,9.2,240,3064172,Business Owner,729,32,Male,Married,West,Ahmedabad,Approved,No,4922.4,1990598.48
L00665,C1665,2025-10-25,Home,1963821,9.3,240,2529384,Self-Employed,741,50,Male,Married,West,Mumbai,Approved,No,8943.57,3652707.06
L00666,C1666,2025-08-09,Home,1288243,7.7,240,1947739,Salaried,722,49,Male,Single,East,Patna,Approved,No,5780.99,1983894.22
L00667,C1667,2025-12-14,Education,706755,8.1,96,2571158,Business Owner,726,53,Female,Single,North,Jaipur,Approved,No,7958.36,457977.24
L00668,C1668,2025-04-10,Education,371055,8.9,96,354670,Salaried,681,35,Male,Single,North,Delhi,Approved,No,4209.16,264191.16
L00669,C1669,2025-12-06,Business,3056540,10.6,180,4258379,Salaried,626,41,Female,Single,East,Bhubaneswar,Rejected,No,18780.74,4859898.6
L00670,C1670,2025-08-02,Auto,452029,9.1,84,4259269,Salaried,839,46,Male,Single,East,Kolkata,Approved,No,5871.0,287942.47
L00671,C1671,2025-07-15,Personal,318742,12.7,60,4132668,Self-Employed,796,56,Male,Married,East,Patna,Approved,No,5987.04,202401.17
L00672,C1672,2025-05-08,Home,1472841,9.4,240,924338,Self-Employed,662,59,Female,Married,West,Pune,Pending,No,6713.7,2768941.08
L00673,C1673,2025-03-19,Auto,598042,9.1,84,2615643,Salaried,737,58,Female,Married,North,Delhi,Approved,No,7767.43,380952.75
L00674,C1674,2025-07-04,Personal,122913,14.0,60,3050138,Self-Employed,746,34,Male,Single,North,Jaipur,Approved,No,2335.35,86039.1
L00675,C1675,2025-01-25,Education,471608,8.3,96,3338385,Business Owner,685,24,Female,Married,West,Mumbai,Pending,No,5320.33,313147.71
L00676,C1676,2025-09-20,Business,1685505,11.7,180,3043662,Salaried,802,57,Female,Married,West,Mumbai,Approved,No,10459.49,2958061.27
L00677,C1677,2025-01-11,Education,546480,8.6,96,2622511,Self-Employed,719,57,Female,Married,North,Lucknow,Pending,No,6182.06,375978.24
L00678,C1678,2025-04-07,Home,2591595,8.6,240,2189365,Salaried,682,34,Female,Married,West,Mumbai,Approved,No,11726.97,4457543.4
L00679,C1679,2025-05-19,Business,2765243,12.8,180,630952,Salaried,799,34,Female,Married,North,Delhi,Approved,No,17328.86,5309266.56
L00680,C1680,2025-03-05,Home,2662071,7.6,240,3446683,Salaried,606,32,Male,Married,South,Bengaluru,Rejected,No,11934.95,4046347.92
L00681,C1681,2025-01-04,Education,420544,7.2,96,3306396,Self-Employed,791,47,Female,Married,South,Chennai,Approved,No,4696.07,242233.34
L00682,C1682,2025-03-14,Auto,1035276,10.4,84,847823,Salaried,711,32,Male,Married,East,Bhubaneswar,Approved,No,13606.48,753680.93
L00683,C1683,2025-03-19,Education,507321,7.3,96,627078,Business Owner,615,32,Female,Married,South,Chennai,Rejected,No,5670.37,296275.46
L00684,C1684,2025-01-24,Education,478062,7.9,96,2011921,Business Owner,678,45,Male,Married,South,Chennai,Approved,No,5373.22,302135.18
L00685,C1685,2025-11-23,Auto,417871,9.6,84,2168140,Salaried,623,40,Female,Single,North,Delhi,Rejected,No,5452.22,280809.31
L00686,C1686,2025-07-26,Auto,816740,10.1,84,4829731,Self-Employed,693,60,Male,Married,East,Kolkata,Approved,No,10705.13,577435.18
L00687,C1687,2025-10-24,Personal,642013,12.7,60,2825878,Business Owner,684,23,Female,Married,South,Bengaluru,Approved,No,12059.14,407678.26
L00688,C1688,2025-10-23,Home,943084,8.1,240,1499188,Self-Employed,762,49,Male,Single,South,Chennai,Approved,No,4247.81,1527796.08
L00689,C1689,2025-10-09,Education,739482,8.6,96,1288338,Self-Employed,790,27,Female,Single,East,Patna,Approved,No,8365.39,508763.62
L00690,C1690,2025-09-16,Education,679653,7.7,96,513187,Salaried,846,46,Male,Married,North,Jaipur,Approved,No,7624.86,418666.25
L00691,C1691,2025-07-11,Personal,149278,13.1,60,3269034,Salaried,734,27,Male,Married,South,Chennai,Approved,No,2813.89,97777.09
L00692,C1692,2025-06-03,Business,1667783,11.6,180,3856901,Salaried,819,25,Female,Single,South,Hyderabad,Approved,No,10340.25,2901942.42
L00693,C1693,2025-11-27,Business,1088474,12.4,180,860483,Self-Employed,615,46,Male,Married,South,Hyderabad,Rejected,No,6796.92,2024561.64
L00694,C1694,2025-06-09,Personal,315829,11.5,60,2617083,Business Owner,635,27,Female,Married,East,Kolkata,Rejected,No,5869.16,181601.67
L00695,C1695,2025-08-07,Home,2705755,9.4,240,4840413,Business Owner,790,31,Female,Single,West,Pune,Approved,No,12333.73,5086819.4
L00696,C1696,2025-05-22,Home,2320642,8.3,240,1043003,Self-Employed,787,53,Female,Single,South,Hyderabad,Approved,No,10471.9,3852265.72
L00697,C1697,2025-10-15,Home,2836539,8.7,240,408432,Business Owner,625,57,Female,Single,East,Bhubaneswar,Rejected,No,12847.16,4935577.86
L00698,C1698,2025-01-21,Home,1198096,8.7,240,1126921,Self-Employed,747,49,Female,Married,North,Lucknow,Approved,No,5426.38,2084687.04
L00699,C1699,2025-07-03,Education,544941,7.9,96,515088,Business Owner,655,43,Female,Married,West,Ahmedabad,Rejected,No,6124.91,344402.71
L00700,C1700,2025-09-13,Home,1903830,8.6,240,3022207,Salaried,717,42,Female,Married,East,Bhubaneswar,Approved,No,8614.83,3274587.6
L00701,C1701,2025-08-13,Home,2503161,9.0,240,1058602,Self-Employed,763,31,Male,Single,East,Bhubaneswar,Approved,No,11368.52,4505689.8
L00702,C1702,2025-02-16,Personal,410592,11.8,60,2904894,Business Owner,832,59,Female,Single,North,Delhi,Approved,No,7650.7,242249.28
L00703,C1703,2025-10-08,Auto,703953,9.1,84,4769683,Salaried,690,38,Male,Single,South,Hyderabad,Approved,No,9143.01,448418.06
L00704,C1704,2025-08-01,Personal,252438,14.4,60,2358159,Business Owner,824,56,Male,Single,South,Hyderabad,Approved,No,4813.15,181755.36
L00705,C1705,2025-02-09,Business,3632275,11.1,180,3652228,Business Owner,760,29,Female,Married,South,Hyderabad,Approved,No,22419.21,6047737.88
L00706,C1706,2025-10-22,Business,939595,11.9,180,4290777,Salaried,737,50,Female,Single,South,Chennai,Approved,No,5841.15,1677177.07
L00707,C1707,2025-10-19,Personal,464488,14.8,60,485515,Self-Employed,743,22,Female,Single,West,Mumbai,Pending,No,8887.2,343721.12
L00708,C1708,2025-01-28,Personal,632629,12.3,60,4092588,Business Owner,679,43,Male,Married,South,Bengaluru,Approved,No,11840.71,389066.83
L00709,C1709,2025-07-26,Education,388052,7.7,96,1652304,Business Owner,787,45,Female,Single,North,Lucknow,Approved,No,4353.46,239040.03
L00710,C1710,2025-11-21,Auto,486028,9.3,84,1835028,Salaried,624,42,Female,Married,West,Mumbai,Rejected,No,6324.15,316404.23
L00711,C1711,2025-10-18,Business,3363493,13.0,180,810873,Business Owner,742,44,Male,Married,East,Kolkata,Approved,No,21115.26,6558811.35
L00712,C1712,2025-03-18,Business,1948074,12.7,180,4479215,Self-Employed,646,22,Male,Married,South,Hyderabad,Rejected,No,12197.11,3711080.97
L00713,C1713,2025-12-04,Home,1556722,8.5,240,3228077,Business Owner,774,45,Female,Married,East,Bhubaneswar,Approved,No,7037.68,2646427.4
L00714,C1714,2025-12-04,Personal,523923,14.4,60,3367659,Business Owner,636,58,Male,Married,North,Jaipur,Rejected,No,9989.47,377224.56
L00715,C1715,2025-08-11,Business,3674767,11.3,180,4762116,Self-Employed,733,26,Female,Married,East,Patna,Approved,No,22722.31,6228730.07
L00716,C1716,2025-10-20,Auto,821786,10.4,84,4360962,Business Owner,756,32,Female,Married,West,Mumbai,Approved,No,10800.62,598260.21
L00717,C1717,2025-02-20,Auto,354982,9.2,84,3528786,Self-Employed,648,32,Male,Single,North,Delhi,Rejected,No,4614.77,228608.41
L00718,C1718,2025-04-01,Personal,221981,14.3,60,4454669,Self-Employed,652,35,Female,Single,North,Lucknow,Rejected,No,4228.74,158716.42
L00719,C1719,2025-08-01,Personal,424785,13.8,60,2365050,Self-Employed,759,45,Female,Married,North,Delhi,Approved,No,8056.76,293101.65
L00720,C1720,2025-02-04,Business,675319,10.7,180,387490,Salaried,760,55,Female,Married,West,Pune,Pending,No,4153.21,1083887.0
L00721,C1721,2025-10-12,Education,797801,8.8,96,2689132,Self-Employed,737,33,Male,Married,East,Patna,Approved,No,9041.74,561651.9
L00722,C1722,2025-03-15,Home,959514,9.0,240,1234546,Self-Employed,658,59,Male,Married,West,Pune,Rejected,No,4357.79,1727125.2
L00723,C1723,2025-05-30,Auto,657928,9.8,84,667067,Business Owner,745,25,Male,Married,South,Hyderabad,Approved,No,8600.06,451338.61
L00724,C1724,2025-07-29,Education,457714,7.6,96,512312,Business Owner,823,55,Male,Married,South,Bengaluru,Approved,No,5130.21,278290.11
L00725,C1725,2025-11-18,Home,1235337,7.5,240,1503651,Salaried,830,57,Male,Married,East,Bhubaneswar,Approved,No,5533.28,1853005.5
L00726,C1726,2025-03-20,Education,449214,7.9,96,2669517,Self-Employed,775,55,Female,Married,West,Ahmedabad,Approved,No,5048.98,283903.25
L00727,C1727,2025-03-06,Personal,552708,13.2,60,3558569,Business Owner,665,43,Male,Single,South,Bengaluru,Approved,No,10427.76,364787.28
L00728,C1728,2025-12-04,Education,554210,7.5,96,4094266,Business Owner,713,44,Female,Single,West,Pune,Approved,No,6206.0,332526.0
L00729,C1729,2025-06-22,Auto,413927,10.0,84,2091082,Business Owner,700,31,Female,Single,East,Patna,Approved,No,5420.47,289748.9
L00730,C1730,2025-03-08,Home,1522849,8.8,240,2031855,Self-Employed,698,41,Male,Married,South,Bengaluru,Approved,No,6903.58,2680214.24
L00731,C1731,2025-07-05,Home,1021260,9.4,240,372718,Business Owner,835,41,Female,Single,North,Delhi,Approved,No,4655.24,1919968.8
L00732,C1732,2025-12-25,Personal,259401,13.2,60,2730524,Self-Employed,677,36,Male,Married,East,Patna,Pending,No,4894.03,171204.66
L00733,C1733,2025-10-20,Home,2397816,9.0,240,1437484,Salaried,825,49,Male,Single,West,Mumbai,Approved,No,10890.08,4316068.8
L00734,C1734,2025-11-21,Home,1543379,9.3,240,3403517,Self-Employed,617,39,Male,Single,East,Bhubaneswar,Rejected,No,7028.81,2870684.94
L00735,C1735,2025-11-29,Business,1559966,12.7,180,3804245,Salaried,643,40,Female,Single,West,Mumbai,Rejected,No,9767.12,2971735.23
L00736,C1736,2025-06-04,Home,2721358,7.6,240,2588718,Self-Employed,791,33,Female,Single,West,Pune,Approved,No,12200.76,4136464.16
L00737,C1737,2025-05-17,Auto,837483,9.2,84,3446918,Salaried,685,49,Male,Single,West,Mumbai,Pending,No,10887.28,539339.05
L00738,C1738,2025-11-13,Personal,261487,13.9,60,1197997,Salaried,662,30,Female,Single,North,Delhi,Pending,No,4963.89,181733.46
L00739,C1739,2025-01-26,Home,1381812,7.7,240,771158,Business Owner,780,26,Female,Single,North,Lucknow,Approved,No,6200.88,2127990.48
L00740,C1740,2025-10-05,Personal,564012,11.6,60,4454880,Business Owner,754,33,Male,Married,South,Bengaluru,Approved,No,10490.62,327126.96
L00741,C1741,2025-09-29,Auto,1176651,9.4,84,2210216,Salaried,641,37,Female,Married,South,Chennai,Rejected,No,15324.48,774236.36
L00742,C1742,2025-10-29,Home,1053352,8.8,240,4443326,Self-Employed,688,59,Male,Single,North,Delhi,Pending,No,4775.2,1853899.52
L00743,C1743,2025-08-27,Auto,1100496,9.0,84,4330296,Self-Employed,694,41,Female,Single,East,Bhubaneswar,Pending,No,14280.25,693312.48
L00744,C1744,2025-12-05,Personal,432108,12.7,60,1491877,Salaried,788,30,Male,Married,West,Pune,Approved,No,8116.43,274388.58
L00745,C1745,2025-09-07,Education,222733,8.1,96,4261840,Business Owner,638,52,Female,Single,North,Delhi,Rejected,No,2508.07,144330.98
L00746,C1746,2025-06-07,Home,1244644,7.8,240,3264277,Business Owner,846,31,Female,Single,South,Bengaluru,Approved,No,5590.53,1941644.64
L00747,C1747,2025-04-18,Home,1982362,8.2,240,1385721,Self-Employed,735,35,Female,Single,West,Ahmedabad,Approved,No,8937.15,3251073.68
L00748,C1748,2025-02-18,Auto,637466,9.6,84,3077138,Self-Employed,778,30,Female,Married,East,Patna,Approved,No,8317.41,428377.15
L00749,C1749,2025-01-02,Business,2134002,11.1,180,2531431,Self-Employed,617,43,Female,Married,West,Pune,Rejected,No,13171.53,3553113.33
L00750,C1750,2025-05-08,Education,397336,8.0,96,2935434,Self-Employed,754,48,Male,Single,East,Bhubaneswar,Approved,No,4470.03,254295.04
L00751,C1751,2025-03-22,Personal,182533,12.5,60,2783895,Business Owner,606,49,Female,Married,East,Kolkata,Rejected,No,3422.49,114083.12
L00752,C1752,2025-06-11,Auto,470814,10.2,84,1959104,Business Owner,780,45,Male,Single,East,Bhubaneswar,Approved,No,6176.63,336161.2
L00753,C1753,2025-09-12,Personal,693092,13.9,60,3039807,Salaried,756,25,Male,Married,East,Bhubaneswar,Approved,No,13157.2,481698.94
L00754,C1754,2025-07-22,Personal,532686,12.7,60,2271436,Business Owner,623,30,Male,Married,North,Lucknow,Rejected,No,10005.62,338255.61
L00755,C1755,2025-04-30,Home,1803551,7.6,240,2487368,Salaried,658,29,Female,Single,West,Mumbai,Rejected,No,8085.92,2741397.52
L00756,C1756,2025-12-26,Education,635094,7.5,96,461528,Salaried,730,58,Female,Married,West,Ahmedabad,Pending,No,7111.73,381056.4
L00757,C1757,2025-05-14,Personal,635696,11.8,60,4798223,Self-Employed,601,28,Female,Single,West,Mumbai,Rejected,No,11845.14,375060.64
L00758,C1758,2025-06-02,Business,1358112,10.3,180,4593332,Business Owner,797,34,Female,Single,North,Jaipur,Approved,No,8322.21,2098283.04
L00759,C1759,2025-06-17,Personal,326936,12.6,60,2416719,Self-Employed,655,46,Male,Single,West,Mumbai,Rejected,No,6135.5,205969.68
L00760,C1760,2025-06-05,Business,825788,11.9,180,2693626,Self-Employed,803,45,Male,Married,West,Ahmedabad,Approved,No,5133.65,1474031.58
L00761,C1761,2025-05-15,Personal,393578,12.2,60,1900424,Self-Employed,848,34,Male,Married,North,Jaipur,Approved,No,7359.91,240082.58
L00762,C1762,2025-02-03,Home,1784834,8.0,240,1244446,Self-Employed,622,45,Male,Married,West,Mumbai,Rejected,No,8031.75,2855734.4
L00763,C1763,2025-04-07,Education,266071,7.5,96,3759665,Salaried,644,49,Male,Married,West,Pune,Rejected,No,2979.44,159642.6
L00764,C1764,2025-10-10,Education,292710,8.3,96,2242137,Business Owner,783,30,Female,Single,West,Ahmedabad,Approved,No,3302.13,194359.44
L00765,C1765,2025-02-14,Business,1957256,12.3,180,3670368,Business Owner,695,37,Male,Single,West,Mumbai,Pending,No,12211.1,3611137.32
L00766,C1766,2025-03-13,Education,730949,7.3,96,4081322,Salaried,792,46,Male,Single,East,Patna,Approved,No,8169.88,426874.22
L00767,C1767,2025-03-01,Business,2913673,10.5,180,652140,Self-Employed,733,44,Female,Single,North,Lucknow,Approved,No,17886.71,4589034.97
L00768,C1768,2025-09-16,Auto,971580,8.9,84,3722539,Salaried,776,52,Male,Married,South,Hyderabad,Approved,No,12595.84,605294.34
L00769,C1769,2025-02-06,Education,301279,7.4,96,2840553,Salaried,811,37,Female,Married,East,Kolkata,Approved,No,3370.56,178357.17
L00770,C1770,2025-01-17,Education,593127,8.3,96,388654,Self-Employed,778,41,Female,Married,West,Pune,Pending,No,6691.21,393836.33
L00771,C1771,2025-05-10,Education,568107,8.5,96,3519172,Business Owner,792,26,Male,Married,East,Patna,Approved,No,6420.79,386312.76
L00772,C1772,2025-12-12,Education,524863,7.8,96,3130171,Salaried,661,53,Female,Married,North,Jaipur,Approved,No,5893.77,327514.51
L00773,C1773,2025-06-19,Auto,914110,9.1,84,3556273,Self-Employed,805,28,Male,Married,South,Bengaluru,Approved,No,11872.55,582288.07
L00774,C1774,2025-04-28,Education,385211,8.4,96,2389121,Business Owner,601,49,Male,Married,South,Bengaluru,Rejected,No,4349.67,258861.79
L00775,C1775,2025-05-23,Personal,121535,12.7,60,498627,Self-Employed,712,56,Female,Married,South,Chennai,Approved,No,2282.83,77174.73
L00776,C1776,2025-10-07,Auto,555047,8.9,84,3300123,Self-Employed,721,56,Female,Single,North,Delhi,Approved,No,7195.79,345794.28
L00777,C1777,2025-02-27,Personal,414932,14.2,60,3766640,Business Owner,629,38,Male,Single,North,Lucknow,Rejected,No,7897.54,294601.72
L00778,C1778,2025-02-06,Personal,601508,13.2,60,4329796,Salaried,805,29,Male,Married,South,Bengaluru,Approved,No,11348.45,396995.28
L00779,C1779,2025-07-11,Home,2534380,8.3,240,1681878,Self-Employed,663,49,Male,Married,West,Ahmedabad,Approved,No,11436.39,4207070.8
L00780,C1780,2025-12-27,Business,1512255,10.2,180,3710236,Salaried,765,23,Female,Single,West,Ahmedabad,Approved,No,9258.36,2313750.15
L00781,C1781,2025-02-16,Education,692738,8.2,96,3164563,Business Owner,677,52,Female,Married,West,Pune,Approved,No,7807.73,454436.13
L00782,C1782,2025-04-09,Auto,838462,9.0,84,2575419,Self-Employed,823,54,Female,Single,East,Patna,Approved,No,10880.04,528231.06
L00783,C1783,2025-10-25,Education,509345,7.6,96,1880017,Business Owner,796,32,Male,Single,East,Patna,Approved,No,5708.91,309681.76
L00784,C1784,2025-02-06,Business,2072858,12.8,180,3130082,Self-Employed,646,28,Female,Single,South,Chennai,Rejected,No,12989.91,3979887.36
L00785,C1785,2025-11-01,Personal,635946,14.9,60,2437508,Salaried,837,51,Female,Single,North,Delhi,Approved,No,12178.37,473779.77
L00786,C1786,2025-12-18,Personal,143027,14.1,60,1819216,Self-Employed,631,34,Male,Married,East,Kolkata,Rejected,No,2719.9,100834.04
L00787,C1787,2025-04-23,Auto,541684,9.2,84,2625102,Salaried,672,45,Male,Married,North,Delhi,Pending,No,7041.89,348844.5
L00788,C1788,2025-02-24,Business,1022456,11.4,180,2562652,Salaried,807,36,Female,Single,South,Chennai,Approved,No,6327.87,1748399.76
L00789,C1789,2025-05-20,Personal,564023,11.1,60,2247673,Salaried,625,52,Female,Single,West,Pune,Rejected,No,10443.83,313032.77
L00790,C1790,2025-07-26,Education,415450,8.4,96,4557716,Salaried,757,34,Female,Single,East,Kolkata,Approved,No,4691.12,279182.4
L00791,C1791,2025-01-12,Personal,125455,13.9,60,2738390,Self-Employed,830,57,Female,Single,West,Pune,Approved,No,2381.55,87191.22
L00792,C1792,2025-04-23,Education,658607,7.5,96,3959881,Business Owner,785,54,Male,Married,West,Mumbai,Approved,No,7375.03,395164.2
L00793,C1793,2025-08-12,Home,1465861,8.0,240,2217469,Self-Employed,623,32,Male,Single,West,Pune,Rejected,No,6596.37,2345377.6
L00794,C1794,2025-04-11,Business,3104430,12.8,180,860182,Business Owner,659,25,Male,Married,East,Kolkata,Rejected,No,19454.43,5960505.6
L00795,C1795,2025-05-20,Business,2821289,12.8,180,1341338,Business Owner,799,22,Male,Single,East,Kolkata,Approved,No,17680.08,5416874.88
L00796,C1796,2025-11-07,Home,1354868,8.4,240,4234818,Salaried,639,25,Female,Married,South,Chennai,Rejected,No,6119.49,2276178.24
L00797,C1797,2025-07-01,Education,614205,8.9,96,4736676,Business Owner,804,57,Female,Single,North,Jaipur,Approved,No,6967.39,437313.96
L00798,C1798,2025-09-07,Business,1367772,12.7,180,4492011,Salaried,632,22,Male,Single,West,Mumbai,Rejected,No,8563.77,2605605.66
L00799,C1799,2025-07-10,Business,2162457,12.7,180,1473105,Salaried,766,50,Male,Single,South,Bengaluru,Approved,No,13539.38,4119480.58
L00800,C1800,2025-01-21,Personal,505334,14.3,60,1149638,Self-Employed,675,25,Female,Single,North,Delhi,Pending,No,9626.61,361313.81
L00801,C1801,2025-06-21,Business,1112112,11.5,180,1692050,Business Owner,602,50,Female,Single,South,Bengaluru,Rejected,No,6888.92,1918393.2
L00802,C1802,2025-02-04,Home,1317148,9.0,240,4636889,Salaried,749,45,Female,Single,East,Bhubaneswar,Approved,No,5982.05,2370866.4
L00803,C1803,2025-03-19,Personal,143926,11.8,60,1946971,Self-Employed,623,56,Female,Married,East,Kolkata,Rejected,No,2681.82,84916.34
L00804,C1804,2025-11-12,Personal,591055,13.7,60,614245,Business Owner,667,44,Female,Single,North,Delhi,Pending,No,11200.49,404872.68
L00805,C1805,2025-07-27,Auto,592515,9.0,84,4718356,Salaried,639,58,Female,Single,East,Patna,Rejected,No,7688.59,373284.45
L00806,C1806,2025-06-03,Business,1543282,11.5,180,2175904,Salaried,816,36,Male,Single,North,Delhi,Approved,No,9559.77,2662161.45
L00807,C1807,2025-10-29,Home,2612642,8.2,240,3954274,Salaried,703,46,Female,Married,North,Jaipur,Pending,No,11778.66,4284732.88
L00808,C1808,2025-12-24,Business,3008118,10.2,180,1683234,Business Owner,686,30,Male,Married,East,Kolkata,Approved,No,18416.37,4602420.54
L00809,C1809,2025-11-11,Home,2338332,7.7,240,1419739,Salaried,674,33,Male,Single,West,Mumbai,Approved,No,10493.26,3601031.28
L00810,C1810,2025-02-19,Auto,942501,9.0,84,2744678,Self-Employed,757,59,Male,Single,West,Mumbai,Approved,No,12230.07,593775.63
L00811,C1811,2025-06-08,Auto,774489,10.1,84,1665720,Business Owner,777,41,Male,Married,North,Jaipur,Approved,No,10151.34,547563.72
L00812,C1812,2025-06-13,Personal,212904,12.3,60,608681,Business Owner,620,36,Female,Single,West,Mumbai,Rejected,No,3984.85,130935.96
L00813,C1813,2025-05-10,Business,2484863,10.6,180,2837939,Self-Employed,839,32,Female,Single,West,Mumbai,Approved,No,15268.1,3950932.17
L00814,C1814,2025-03-26,Auto,1041746,10.2,84,4071620,Self-Employed,634,47,Male,Single,West,Ahmedabad,Rejected,No,13666.72,743806.64
L00815,C1815,2025-06-22,Home,2950773,8.9,240,1477265,Salaried,661,27,Female,Married,East,Kolkata,Pending,No,13389.13,5252375.94
L00816,C1816,2025-10-03,Auto,919171,8.6,84,4536088,Self-Employed,670,23,Female,Single,South,Chennai,Pending,No,11883.57,553340.94
L00817,C1817,2025-01-20,Business,2444240,12.5,180,826791,Salaried,721,58,Female,Single,North,Jaipur,Approved,No,15276.5,4582950.0
L00818,C1818,2025-10-07,Business,3945650,10.1,180,2222843,Self-Employed,610,22,Female,Married,East,Kolkata,Rejected,No,24134.23,5977659.75
L00819,C1819,2025-02-10,Personal,507923,13.7,60,4780271,Self-Employed,769,36,Female,Married,West,Ahmedabad,Approved,No,9625.14,347927.26
L00820,C1820,2025-06-08,Auto,569581,8.8,84,1717864,Business Owner,768,56,Male,Married,North,Delhi,Approved,No,7377.43,350861.9
L00821,C1821,2025-12-09,Home,1932676,7.7,240,2309502,Business Owner,616,38,Male,Single,South,Chennai,Rejected,No,8672.88,2976321.04
L00822,C1822,2025-04-10,Personal,190622,13.8,60,3553778,Self-Employed,806,43,Male,Single,North,Jaipur,Approved,No,3615.46,131529.18
L00823,C1823,2025-12-03,Home,2488037,9.0,240,4598488,Self-Employed,798,56,Female,Single,West,Pune,Approved,No,11299.83,4478466.6
L00824,C1824,2025-01-04,Auto,774909,9.8,84,1970281,Self-Employed,830,50,Male,Married,East,Patna,Approved,No,10129.17,531587.57
L00825,C1825,2025-06-12,Business,2485708,11.0,180,1277221,Salaried,751,40,Female,Single,North,Lucknow,Approved,No,15328.53,4101418.2
L00826,C1826,2025-09-13,Home,1374281,8.1,240,2818303,Self-Employed,770,40,Female,Married,North,Delhi,Approved,No,6189.99,2226335.22
L00827,C1827,2025-10-23,Auto,850454,10.0,84,1850014,Salaried,782,58,Male,Married,North,Jaipur,Approved,No,11136.9,595317.8
L00828,C1828,2025-01-21,Auto,1047439,9.1,84,4915482,Self-Employed,793,47,Male,Single,North,Jaipur,Approved,No,13604.24,667218.64
L00829,C1829,2025-10-15,Home,1195585,7.6,240,1448330,Salaried,617,26,Female,Married,East,Patna,Rejected,No,5360.21,1817289.2
L00830,C1830,2025-12-15,Business,2472646,12.5,180,1171356,Business Owner,761,38,Male,Single,South,Hyderabad,Approved,No,15454.04,4636211.25
L00831,C1831,2025-05-08,Education,753418,8.8,96,2070059,Business Owner,756,28,Female,Single,South,Chennai,Approved,No,8538.74,530406.27
L00832,C1832,2025-04-29,Home,1601803,9.1,240,3701957,Salaried,751,23,Male,Single,West,Mumbai,Approved,No,7281.53,2915281.46
L00833,C1833,2025-03-05,Auto,520415,9.4,84,1244670,Self-Employed,747,41,Female,Single,South,Chennai,Approved,No,6777.79,342433.07
L00834,C1834,2025-02-01,Personal,613711,12.9,60,1524027,Salaried,652,50,Female,Married,East,Bhubaneswar,Rejected,No,11548.0,395843.59
L00835,C1835,2025-04-13,Auto,746853,9.7,84,1480259,Business Owner,672,38,Female,Single,West,Mumbai,Pending,No,9753.54,507113.19
L00836,C1836,2025-07-09,Education,445808,8.3,96,2150238,Business Owner,712,37,Male,Single,East,Kolkata,Pending,No,5029.27,296016.51
L00837,C1837,2025-09-29,Education,464344,8.2,96,470285,Salaried,616,52,Male,Married,East,Patna,Rejected,No,5233.54,304609.66
L00838,C1838,2025-10-28,Business,506125,10.9,180,3820918,Salaried,745,46,Female,Married,North,Jaipur,Approved,No,3118.29,827514.38
L00839,C1839,2025-01-09,Business,1861953,10.7,180,1946421,Business Owner,827,25,Male,Married,West,Pune,Approved,No,11451.01,2988434.56
L00840,C1840,2025-07-09,Home,2529562,8.9,240,2019323,Salaried,719,23,Female,Married,South,Bengaluru,Approved,No,11477.89,4502620.36
L00841,C1841,2025-05-04,Auto,657369,9.7,84,4073505,Salaried,828,51,Female,Married,West,Mumbai,Approved,No,8584.93,446353.55
L00842,C1842,2025-08-20,Personal,340469,12.4,60,3754504,Business Owner,827,31,Male,Married,North,Jaipur,Approved,No,6378.12,211090.78
L00843,C1843,2025-04-26,Auto,1073298,8.8,84,1915181,Business Owner,644,29,Male,Married,North,Lucknow,Rejected,No,13901.76,661151.57
L00844,C1844,2025-02-25,Auto,466795,9.6,84,3922389,Salaried,639,31,Male,Married,South,Bengaluru,Rejected,No,6090.56,313686.24
L00845,C1845,2025-10-27,Home,1497047,9.3,240,3945843,Self-Employed,658,49,Male,Married,South,Bengaluru,Rejected,No,6817.8,2784507.42
L00846,C1846,2025-03-06,Personal,121000,11.4,60,4033566,Salaried,671,35,Male,Single,West,Pune,Approved,No,2246.57,68970.0
L00847,C1847,2025-10-03,Business,1254104,10.2,180,1434292,Business Owner,613,26,Female,Married,West,Ahmedabad,Rejected,No,7677.9,1918779.12
L00848,C1848,2025-08-15,Auto,748497,9.9,84,4904569,Salaried,634,48,Male,Single,East,Bhubaneswar,Rejected,No,9792.84,518708.42
L00849,C1849,2025-11-23,Auto,312089,8.7,84,3132677,Business Owner,607,26,Male,Married,West,Mumbai,Rejected,No,4038.58,190062.2
L00850,C1850,2025-05-29,Education,227096,8.6,96,4821722,Self-Employed,765,37,Male,Married,West,Mumbai,Approved,No,2569.02,156242.05
L00851,C1851,2025-08-29,Business,2559987,12.3,180,4829960,Salaried,722,53,Female,Single,South,Hyderabad,Approved,No,15971.47,4723176.02
L00852,C1852,2025-03-04,Business,1530174,12.2,180,709809,Salaried,600,47,Male,Single,North,Delhi,Rejected,No,9538.08,2800218.42
L00853,C1853,2025-11-13,Auto,478505,9.4,84,711024,Self-Employed,693,22,Male,Married,South,Bengaluru,Pending,No,6231.96,314856.29
L00854,C1854,2025-11-26,Auto,565095,10.0,84,694152,Salaried,837,56,Female,Single,North,Delhi,Approved,No,7400.05,395566.5
L00855,C1855,2025-06-01,Personal,519124,13.5,60,3471631,Business Owner,783,31,Female,Single,South,Hyderabad,Approved,No,9820.1,350408.7
L00856,C1856,2025-05-09,Home,2560767,8.9,240,2336051,Salaried,825,50,Male,Single,East,Kolkata,Approved,No,11619.48,4558165.26
L00857,C1857,2025-04-09,Education,244374,7.7,96,1614260,Business Owner,690,22,Male,Single,East,Patna,Pending,No,2741.57,150534.38
L00858,C1858,2025-12-24,Education,756117,7.2,96,2647028,Business Owner,820,54,Male,Single,West,Pune,Approved,No,8443.31,435523.39
L00859,C1859,2025-04-21,Personal,139364,11.8,60,4206429,Salaried,756,43,Male,Single,East,Patna,Approved,No,2596.82,82224.76
L00860,C1860,2025-10-06,Home,1730627,7.7,240,3611151,Salaried,786,59,Male,Married,East,Patna,Approved,No,7766.19,2665165.58
L00861,C1861,2025-11-10,Personal,336682,11.3,60,4432069,Business Owner,655,52,Female,Single,North,Lucknow,Rejected,No,6245.45,190225.33
L00862,C1862,2025-02-27,Business,535156,13.0,180,3715820,Business Owner,799,29,Male,Married,North,Jaipur,Approved,No,3359.59,1043554.2
L00863,C1863,2025-03-10,Education,325515,7.8,96,4472088,Salaried,667,25,Female,Married,West,Pune,Pending,No,3655.26,203121.36
L00864,C1864,2025-03-29,Business,1447258,12.5,180,2706156,Business Owner,627,31,Male,Married,North,Lucknow,Rejected,No,9045.36,2713608.75
L00865,C1865,2025-01-22,Education,296704,7.6,96,2607032,Self-Employed,685,22,Female,Married,North,Delhi,Pending,No,3325.56,180396.03
L00866,C1866,2025-01-29,Education,300647,8.9,96,3952158,Business Owner,847,34,Female,Single,West,Pune,Approved,No,3410.46,214060.66
L00867,C1867,2025-07-02,Home,1445888,9.4,240,528753,Salaried,698,48,Male,Single,West,Ahmedabad,Pending,No,6590.84,2718269.44
L00868,C1868,2025-09-28,Education,749969,7.6,96,3860742,Self-Employed,795,33,Female,Single,North,Jaipur,Approved,No,8405.9,455981.15
L00869,C1869,2025-01-10,Business,693443,10.4,180,4734284,Business Owner,634,24,Female,Married,South,Bengaluru,Rejected,No,4253.12,1081771.08
L00870,C1870,2025-11-16,Business,3497470,11.8,180,1824864,Business Owner,839,45,Female,Single,East,Bhubaneswar,Approved,No,21723.17,6190521.9
L00871,C1871,2025-10-19,Auto,702756,9.1,84,1517866,Business Owner,737,33,Male,Married,North,Lucknow,Approved,No,9127.46,447655.57
L00872,C1872,2025-08-31,Personal,691307,15.0,60,2769871,Salaried,799,46,Male,Single,North,Delhi,Approved,No,13250.05,518480.25
L00873,C1873,2025-09-24,Education,439191,8.8,96,1758901,Salaried,791,56,Male,Single,West,Mumbai,Approved,No,4977.5,309190.46
L00874,C1874,2025-02-17,Education,775932,7.3,96,1288222,Business Owner,636,45,Female,Single,North,Jaipur,Rejected,No,8672.66,453144.29
L00875,C1875,2025-03-03,Home,2821357,9.0,240,2117241,Self-Employed,603,33,Female,Single,West,Ahmedabad,Rejected,No,12813.66,5078442.6
L00876,C1876,2025-09-21,Business,1640437,10.5,180,2906698,Self-Employed,817,59,Female,Single,South,Chennai,Approved,No,10070.46,2583688.28
L00877,C1877,2025-01-29,Home,1647495,9.1,240,3547963,Business Owner,728,38,Male,Single,North,Delhi,Approved,No,7489.24,2998440.9
L00878,C1878,2025-04-23,Auto,485796,9.8,84,755698,Business Owner,716,38,Female,Married,North,Lucknow,Pending,No,6350.05,333256.06
L00879,C1879,2025-10-12,Education,670836,7.3,96,2661401,Salaried,700,52,Female,Single,West,Pune,Approved,No,7497.99,391768.22
L00880,C1880,2025-03-09,Business,595357,12.9,180,860309,Self-Employed,796,43,Male,Married,North,Delhi,Approved,No,3734.21,1152015.79
L00881,C1881,2025-08-05,Home,1131982,8.9,240,4219097,Salaried,739,53,Female,Married,East,Bhubaneswar,Approved,No,5136.37,2014927.96
L00882,C1882,2025-10-24,Business,1298541,11.6,180,3193778,Self-Employed,696,24,Male,Single,West,Pune,Approved,No,8050.95,2259461.34
L00883,C1883,2025-08-26,Home,1955076,7.9,240,1092859,Business Owner,710,52,Male,Married,East,Patna,Approved,No,8789.7,3089020.08
L00884,C1884,2025-10-07,Personal,291251,11.7,60,1074004,Self-Employed,824,52,Female,Married,North,Delhi,Approved,No,5422.12,170381.83
L00885,C1885,2025-09-10,Business,2661326,11.0,180,2338678,Business Owner,824,58,Female,Single,West,Mumbai,Approved,No,16411.51,4391187.9
L00886,C1886,2025-04-03,Education,743453,7.8,96,812451,Salaried,703,43,Female,Married,North,Jaipur,Approved,No,8348.36,463914.67
L00887,C1887,2025-10-20,Auto,769009,8.6,84,424421,Salaried,798,41,Female,Single,North,Jaipur,Approved,No,9942.19,462943.42
L00888,C1888,2025-06-19,Business,1486580,12.6,180,4781693,Salaried,797,59,Male,Single,North,Lucknow,Approved,No,9299.38,2809636.2
L00889,C1889,2025-01-19,Auto,939348,9.1,84,1390419,Business Owner,676,49,Male,Single,East,Patna,Pending,No,12200.34,598364.68
L00890,C1890,2025-11-18,Business,2503205,11.8,180,3669312,Business Owner,714,50,Female,Single,South,Chennai,Approved,No,15547.68,4430672.85
L00891,C1891,2025-09-30,Personal,235777,14.2,60,3961330,Self-Employed,729,54,Male,Single,West,Ahmedabad,Approved,No,4487.62,167401.67
L00892,C1892,2025-03-05,Personal,509106,11.1,60,3392719,Salaried,613,38,Male,Single,South,Hyderabad,Rejected,No,9426.95,282553.83
L00893,C1893,2025-03-10,Auto,783064,9.7,84,1831391,Business Owner,839,55,Female,Single,East,Bhubaneswar,Approved,No,10226.44,531700.46
L00894,C1894,2025-07-19,Business,1189633,12.3,180,1164887,Salaried,687,57,Male,Single,South,Chennai,Pending,No,7421.99,2194872.88
L00895,C1895,2025-05-15,Personal,211369,13.0,60,3180019,Self-Employed,735,56,Female,Married,South,Hyderabad,Approved,No,3980.78,137389.85
L00896,C1896,2025-03-26,Auto,621513,10.2,84,2495357,Salaried,657,33,Female,Married,East,Bhubaneswar,Rejected,No,8153.66,443760.28
L00897,C1897,2025-07-07,Home,2454781,8.4,240,3355329,Business Owner,653,34,Female,Single,East,Kolkata,Rejected,No,11087.43,4124032.08
L00898,C1898,2025-01-19,Education,478663,8.9,96,4052449,Self-Employed,817,32,Female,Single,North,Delhi,Approved,No,5429.83,340808.06
L00899,C1899,2025-06-28,Business,3037854,11.1,180,4693290,Self-Employed,721,31,Male,Single,North,Lucknow,Approved,No,18750.31,5058026.91
L00900,C1900,2025-06-22,Home,2924160,8.4,240,3021727,Business Owner,821,38,Female,Single,West,Pune,Approved,No,13207.46,4912588.8
L00901,C1901,2025-01-21,Business,1040632,11.3,180,2716192,Salaried,645,30,Female,Single,East,Bhubaneswar,Rejected,No,6434.57,1763871.24
L00902,C1902,2025-04-15,Personal,441813,11.1,60,910255,Business Owner,845,48,Male,Married,South,Hyderabad,Approved,No,8180.9,245206.21
L00903,C1903,2025-11-23,Auto,914920,10.5,84,4660474,Self-Employed,734,39,Female,Married,East,Bhubaneswar,Approved,No,12035.55,672466.2
L00904,C1904,2025-03-10,Auto,601898,8.8,84,4622767,Salaried,789,25,Male,Married,North,Delhi,Approved,No,7796.01,370769.17
L00905,C1905,2025-06-26,Home,1188409,8.5,240,2857430,Salaried,759,55,Male,Single,South,Hyderabad,Approved,No,5372.6,2020295.3
L00906,C1906,2025-03-21,Home,1557764,8.0,240,4125435,Business Owner,645,23,Female,Married,West,Ahmedabad,Rejected,No,7009.94,2492422.4
L00907,C1907,2025-02-02,Education,611561,7.2,96,3507910,Self-Employed,830,34,Male,Single,North,Lucknow,Approved,No,6829.1,352259.14
L00908,C1908,2025-02-21,Business,1866599,11.7,180,1861526,Business Owner,844,48,Female,Married,South,Hyderabad,Approved,No,11583.28,3275881.24
L00909,C1909,2025-05-17,Business,1198619,12.6,180,4919261,Self-Employed,636,28,Female,Single,East,Kolkata,Rejected,No,7498.03,2265389.91
L00910,C1910,2025-08-17,Personal,373718,13.9,60,3597409,Business Owner,674,58,Female,Married,West,Mumbai,Approved,Yes,7094.41,259734.01
L00911,C1911,2025-06-17,Personal,591269,13.8,60,3992176,Salaried,617,58,Male,Married,South,Hyderabad,Rejected,No,11214.4,407975.61
L00912,C1912,2025-12-18,Home,2328015,7.9,240,1430082,Self-Employed,803,54,Female,Single,South,Chennai,Approved,No,10466.37,3678263.7
L00913,C1913,2025-04-14,Auto,968390,10.3,84,4614550,Salaried,691,38,Female,Married,South,Hyderabad,Approved,No,12715.88,698209.19
L00914,C1914,2025-11-26,Home,2730280,9.2,240,2990512,Business Owner,628,31,Female,Married,West,Ahmedabad,Rejected,No,12422.77,5023715.2
L00915,C1915,2025-01-25,Personal,105151,13.0,60,4309492,Business Owner,670,30,Male,Married,North,Jaipur,Approved,Yes,1980.34,68348.15
L00916,C1916,2025-03-08,Home,2756864,7.7,240,4161651,Salaried,704,23,Male,Married,South,Chennai,Approved,No,12371.43,4245570.56
L00917,C1917,2025-04-02,Auto,507567,9.3,84,4738875,Self-Employed,794,40,Male,Married,West,Mumbai,Approved,No,6604.41,330426.12
L00918,C1918,2025-07-12,Home,895250,7.8,240,1055817,Salaried,672,22,Male,Single,East,Kolkata,Approved,No,4021.16,1396590.0
L00919,C1919,2025-08-21,Education,796503,7.0,96,853795,Salaried,807,30,Female,Married,East,Patna,Approved,No,8877.69,446041.68
L00920,C1920,2025-03-14,Business,2124742,10.8,180,3040046,Self-Employed,738,24,Female,Married,West,Pune,Approved,No,13078.97,3442082.04
L00921,C1921,2025-07-31,Personal,164506,13.4,60,4320747,Salaried,659,29,Male,Single,East,Patna,Rejected,No,3109.16,110219.02
L00922,C1922,2025-07-05,Auto,1017696,8.6,84,2489945,Self-Employed,843,52,Female,Single,North,Jaipur,Approved,No,13157.36,612652.99
L00923,C1923,2025-05-09,Business,2975154,12.5,180,844272,Self-Employed,694,48,Male,Married,West,Pune,Approved,No,18594.71,5578413.75
L00924,C1924,2025-05-22,Home,2956639,9.1,240,1294130,Salaried,804,52,Male,Single,North,Lucknow,Approved,No,13440.39,5381082.98
L00925,C1925,2025-09-18,Home,2336138,9.2,240,4635668,Salaried,624,47,Female,Married,North,Lucknow,Rejected,No,10629.43,4298493.92
L00926,C1926,2025-12-27,Education,501701,7.4,96,2222576,Salaried,685,22,Male,Single,South,Chennai,Approved,No,5612.78,297006.99
L00927,C1927,2025-04-13,Business,2374098,10.6,180,4730211,Business Owner,773,46,Male,Single,South,Bengaluru,Approved,No,14587.51,3774815.82
L00928,C1928,2025-05-17,Education,267187,7.0,96,3964218,Self-Employed,810,47,Female,Married,East,Bhubaneswar,Approved,No,2978.02,149624.72
L00929,C1929,2025-10-27,Business,3834905,12.0,180,509156,Salaried,793,55,Male,Single,East,Bhubaneswar,Pending,No,23861.63,6902829.0
L00930,C1930,2025-11-07,Personal,139738,14.7,60,851792,Business Owner,681,52,Male,Married,North,Jaipur,Pending,No,2671.32,102707.43
L00931,C1931,2025-09-06,Business,3912759,10.3,180,3982744,Self-Employed,775,24,Female,Single,South,Bengaluru,Approved,No,23976.52,6045212.66
L00932,C1932,2025-08-17,Personal,640423,15.0,60,1761257,Salaried,795,25,Female,Married,East,Kolkata,Approved,No,12274.77,480317.25
L00933,C1933,2025-12-04,Personal,666808,13.6,60,520678,Salaried,654,37,Male,Married,West,Ahmedabad,Rejected,No,12624.9,453429.44
L00934,C1934,2025-09-15,Business,3771722,10.3,180,4602980,Business Owner,752,58,Female,Married,South,Bengaluru,Approved,No,23112.27,5827310.49
L00935,C1935,2025-09-17,Education,326083,8.5,96,2481337,Self-Employed,677,49,Male,Married,North,Lucknow,Pending,No,3685.42,221736.44
L00936,C1936,2025-07-26,Auto,635752,8.9,84,4830645,Salaried,611,26,Male,Single,North,Delhi,Rejected,No,8242.07,396073.5
L00937,C1937,2025-05-13,Business,1130978,10.2,180,3852361,Salaried,743,58,Female,Married,East,Kolkata,Approved,No,6924.1,1730396.34
L00938,C1938,2025-10-25,Home,1840655,8.6,240,4446954,Business Owner,830,46,Male,Single,East,Bhubaneswar,Approved,No,8328.96,3165926.6
L00939,C1939,2025-08-16,Education,460733,8.0,96,2674311,Salaried,813,30,Female,Married,North,Lucknow,Approved,No,5183.25,294869.12
L00940,C1940,2025-04-24,Personal,388586,14.2,60,3282748,Self-Employed,748,55,Female,Married,West,Mumbai,Approved,No,7396.09,275896.06
L00941,C1941,2025-04-20,Personal,566799,11.4,60,2468720,Salaried,701,58,Male,Single,North,Jaipur,Approved,No,10523.57,323075.43
L00942,C1942,2025-02-18,Education,627433,7.5,96,1205638,Self-Employed,659,42,Male,Married,South,Chennai,Rejected,No,7025.94,376459.8
L00943,C1943,2025-10-18,Auto,946216,8.9,84,4457326,Self-Employed,637,46,Male,Single,East,Bhubaneswar,Rejected,No,12267.01,589492.57
L00944,C1944,2025-10-10,Home,1885032,8.6,240,4626736,Salaried,632,27,Female,Married,West,Ahmedabad,Rejected,No,8529.77,3242255.04
L00945,C1945,2025-10-03,Education,542305,8.1,96,4636672,Business Owner,817,36,Female,Single,West,Pune,Approved,No,6106.58,351413.64
L00946,C1946,2025-04-03,Education,473907,7.3,96,2920184,Salaried,776,51,Female,Married,East,Patna,Approved,No,5296.9,276761.69
L00947,C1947,2025-08-04,Home,1095210,8.0,240,3246591,Self-Employed,629,36,Female,Married,West,Ahmedabad,Rejected,No,4928.45,1752336.0
L00948,C1948,2025-09-29,Business,3014459,10.1,180,2480244,Business Owner,683,37,Male,Married,North,Lucknow,Pending,No,18438.44,4566905.38
L00949,C1949,2025-06-11,Education,630398,8.6,96,2598241,Self-Employed,801,44,Female,Single,East,Bhubaneswar,Approved,No,7131.38,433713.82
L00950,C1950,2025-07-09,Home,2094032,9.1,240,4080085,Self-Employed,800,46,Female,Married,East,Patna,Approved,No,9519.12,3811138.24
L00951,C1951,2025-04-06,Auto,963354,9.9,84,2725905,Salaried,613,32,Male,Single,South,Bengaluru,Rejected,No,12603.88,667604.32
L00952,C1952,2025-02-21,Education,340862,7.4,96,4312815,Salaried,777,44,Female,Single,South,Bengaluru,Approved,No,3813.39,201790.3
L00953,C1953,2025-11-01,Business,2969647,13.0,180,425946,Self-Employed,627,49,Male,Single,North,Delhi,Rejected,No,18642.78,5790811.65
L00954,C1954,2025-09-03,Education,645632,7.4,96,2507229,Self-Employed,818,35,Female,Single,West,Mumbai,Approved,No,7223.01,382214.14
L00955,C1955,2025-12-22,Home,2269492,9.5,240,4168861,Salaried,741,53,Female,Single,West,Ahmedabad,Approved,No,10354.56,4312034.8
L00956,C1956,2025-03-13,Home,2600351,8.8,240,563700,Salaried,773,30,Female,Single,East,Bhubaneswar,Approved,No,11788.26,4576617.76
L00957,C1957,2025-10-12,Business,3744519,11.9,180,1011914,Business Owner,715,45,Male,Married,West,Ahmedabad,Approved,No,23278.43,6683966.42
L00958,C1958,2025-04-28,Home,1082157,9.2,240,4854191,Self-Employed,615,55,Male,Single,West,Pune,Rejected,No,4923.81,1991168.88
L00959,C1959,2025-02-04,Personal,639704,13.1,60,2863421,Self-Employed,603,43,Male,Single,South,Bengaluru,Rejected,No,12058.42,419006.12
L00960,C1960,2025-12-27,Auto,1165968,9.9,84,2494902,Business Owner,667,27,Male,Single,East,Bhubaneswar,Pending,No,15254.75,808015.82
L00961,C1961,2025-09-21,Business,2606963,12.4,180,1334590,Salaried,637,59,Male,Single,South,Hyderabad,Rejected,No,16279.04,4848951.18
L00962,C1962,2025-10-04,Business,938951,10.7,180,1414383,Business Owner,814,45,Female,Married,East,Bhubaneswar,Approved,No,5774.55,1507016.35
L00963,C1963,2025-12-04,Personal,646794,14.9,60,4970332,Business Owner,766,52,Male,Single,East,Kolkata,Approved,No,12386.11,481861.53
L00964,C1964,2025-01-02,Personal,322393,11.9,60,1746216,Salaried,732,25,Female,Single,South,Hyderabad,Approved,No,6012.63,191823.83
L00965,C1965,2025-07-16,Home,924992,8.9,240,680084,Salaried,832,39,Male,Married,West,Pune,Approved,No,4197.15,1646485.76
L00966,C1966,2025-06-08,Personal,389788,11.8,60,1013471,Self-Employed,750,58,Female,Married,East,Bhubaneswar,Approved,No,7263.05,229974.92
L00967,C1967,2025-12-19,Personal,392497,11.3,60,441781,Salaried,717,48,Female,Single,North,Delhi,Approved,No,7280.82,221760.81
L00968,C1968,2025-08-17,Home,2448308,8.9,240,919295,Business Owner,603,41,Male,Single,West,Pune,Rejected,No,11109.2,4357988.24
L00969,C1969,2025-10-18,Education,788982,7.3,96,651966,Business Owner,733,60,Female,Married,East,Patna,Approved,No,8818.52,460765.49
L00970,C1970,2025-11-11,Education,785136,8.1,96,429407,Salaried,735,44,Male,Single,West,Ahmedabad,Pending,No,8840.96,508768.13
L00971,C1971,2025-12-26,Auto,776547,8.5,84,4104521,Self-Employed,816,50,Male,Single,West,Mumbai,Approved,No,10030.4,462045.46
L00972,C1972,2025-03-02,Home,824513,9.4,240,4941383,Self-Employed,818,52,Female,Single,North,Jaipur,Approved,No,3758.41,1550084.44
L00973,C1973,2025-03-12,Personal,201263,11.4,60,4395970,Self-Employed,675,38,Male,Married,North,Lucknow,Pending,No,3736.78,114719.91
L00974,C1974,2025-09-06,Education,477174,7.7,96,3104038,Salaried,731,41,Female,Married,South,Hyderabad,Approved,No,5353.3,293939.18
L00975,C1975,2025-06-25,Personal,118939,13.8,60,1359720,Self-Employed,816,38,Male,Single,North,Lucknow,Approved,No,2255.88,82067.91
L00976,C1976,2025-09-06,Personal,687192,11.2,60,2635775,Business Owner,816,54,Male,Married,South,Chennai,Approved,No,12735.96,384827.52
L00977,C1977,2025-06-29,Education,608405,8.0,96,2316373,Business Owner,623,24,Male,Married,East,Patna,Rejected,No,6844.56,389379.2
L00978,C1978,2025-08-14,Business,3885903,10.2,180,1793174,Salaried,816,57,Male,Married,East,Kolkata,Approved,No,23790.36,5945431.59
L00979,C1979,2025-09-16,Education,215420,9.0,96,894585,Business Owner,807,40,Female,Single,North,Delhi,Approved,No,2445.91,155102.4
L00980,C1980,2025-11-16,Personal,532144,11.5,60,4678039,Business Owner,719,53,Male,Single,South,Hyderabad,Approved,No,9889.01,305982.8
L00981,C1981,2025-02-05,Business,648988,12.3,180,993255,Self-Employed,654,39,Male,Single,South,Bengaluru,Rejected,No,4048.96,1197382.86
L00982,C1982,2025-05-09,Business,2264446,12.9,180,2329678,Self-Employed,686,55,Male,Single,West,Pune,Approved,No,14203.11,4381703.01
L00983,C1983,2025-07-21,Personal,149736,13.8,60,3509691,Self-Employed,835,49,Female,Single,South,Bengaluru,Approved,No,2839.99,103317.84
L00984,C1984,2025-12-25,Education,210205,7.2,96,1637611,Self-Employed,652,22,Male,Married,North,Jaipur,Rejected,No,2347.29,121078.08
L00985,C1985,2025-12-26,Home,2928652,8.2,240,4181406,Salaried,799,31,Male,Single,North,Delhi,Approved,No,13203.34,4802989.28
L00986,C1986,2025-07-02,Auto,485730,10.3,84,2548560,Salaried,778,21,Male,Single,East,Kolkata,Approved,No,6378.1,350211.33
L00987,C1987,2025-02-21,Auto,491986,9.2,84,1231083,Self-Employed,686,33,Male,Single,North,Delhi,Pending,No,6395.82,316838.98
L00988,C1988,2025-01-07,Business,1467204,11.2,180,3371551,Salaried,764,58,Male,Married,North,Jaipur,Approved,No,9064.06,2464902.72
L00989,C1989,2025-11-12,Personal,398017,14.8,60,563676,Business Owner,824,32,Female,Single,East,Bhubaneswar,Pending,No,7615.39,294532.58
L00990,C1990,2025-07-23,Business,2015594,12.9,180,3156049,Business Owner,637,48,Male,Married,South,Bengaluru,Rejected,No,12642.25,3900174.39
L00991,C1991,2025-05-28,Education,453373,8.8,96,4305565,Self-Employed,667,58,Female,Married,West,Ahmedabad,Approved,No,5138.23,319174.59
L00992,C1992,2025-07-14,Education,364810,8.7,96,4416931,Self-Employed,717,37,Male,Single,North,Delhi,Approved,No,4130.71,253907.76
L00993,C1993,2025-06-19,Home,1868587,8.8,240,4153546,Salaried,737,25,Male,Married,South,Bengaluru,Approved,No,8470.93,3288713.12
L00994,C1994,2025-07-16,Education,767294,7.3,96,689188,Self-Employed,691,49,Male,Married,North,Lucknow,Approved,No,8576.11,448099.7
L00995,C1995,2025-04-29,Auto,1198849,9.7,84,4129722,Salaried,685,47,Male,Married,North,Jaipur,Approved,No,15656.4,814018.47
L00996,C1996,2025-06-26,Auto,568261,8.8,84,3267244,Salaried,733,35,Male,Married,South,Bengaluru,Approved,No,7360.33,350048.78
L00997,C1997,2025-08-11,Personal,230540,13.3,60,1130259,Salaried,765,28,Female,Married,South,Bengaluru,Approved,No,4353.36,153309.1
L00998,C1998,2025-06-23,Business,2886454,12.1,180,4918776,Salaried,620,51,Male,Married,East,Bhubaneswar,Rejected,No,17976.19,5238914.01
L00999,C1999,2025-03-12,Personal,389523,15.0,60,4565777,Salaried,832,51,Male,Married,West,Ahmedabad,Approved,No,7465.86,292142.25
L01000,C2000,2025-05-23,Business,2750892,10.5,180,2093077,Business Owner,757,34,Male,Married,North,Delhi,Approved,No,16887.42,4332654.9
L01001,C2001,2025-04-23,Auto,432679,8.6,84,1946541,Salaried,779,29,Female,Single,North,Jaipur,Approved,No,5593.92,260472.76
L01002,C2002,2025-06-26,Home,1613541,7.7,240,2344297,Business Owner,695,59,Male,Single,East,Kolkata,Approved,No,7240.77,2484853.14
L01003,C2003,2025-12-16,Auto,863367,9.8,84,3637690,Business Owner,831,25,Female,Single,West,Pune,Approved,No,11285.44,592269.76
L01004,C2004,2025-07-20,Home,1715070,8.0,240,1634806,Salaried,749,30,Male,Married,West,Ahmedabad,Approved,No,7717.82,2744112.0
L01005,C2005,2025-07-16,Education,784245,7.8,96,417374,Salaried,728,46,Male,Married,North,Jaipur,Approved,No,8806.42,489368.88
L01006,C2006,2025-10-18,Auto,1100133,9.4,84,807045,Self-Employed,677,43,Male,Single,West,Pune,Approved,No,14327.92,723887.51
L01007,C2007,2025-06-25,Education,654914,8.6,96,1891929,Business Owner,633,56,Female,Single,West,Mumbai,Rejected,No,7408.71,450580.83
L01008,C2008,2025-12-31,Business,2738923,12.8,180,4605353,Salaried,762,59,Female,Single,South,Chennai,Approved,No,17163.92,5258732.16
L01009,C2009,2025-04-26,Business,1061944,10.6,180,3142357,Salaried,806,37,Male,Married,South,Chennai,Approved,No,6525.06,1688490.96
L01010,C2010,2025-05-18,Home,2895089,8.2,240,3368924,Self-Employed,817,42,Female,Single,South,Chennai,Approved,No,13052.03,4747945.96
L01011,C2011,2025-02-02,Auto,688726,9.3,84,1972422,Self-Employed,692,34,Female,Married,East,Patna,Pending,No,8961.64,448360.63
L01012,C2012,2025-04-05,Auto,1031634,10.3,84,2695372,Self-Employed,694,59,Male,Single,North,Delhi,Pending,No,13546.34,743808.11
L01013,C2013,2025-07-17,Education,451164,7.7,96,3630905,Salaried,677,39,Male,Single,East,Patna,Approved,No,5061.5,277917.02
L01014,C2014,2025-08-23,Personal,423953,13.6,60,3785098,Salaried,809,27,Male,Married,South,Chennai,Approved,No,8026.84,288288.04
L01015,C2015,2025-04-18,Business,1095963,11.3,180,3288591,Self-Employed,835,38,Male,Single,North,Jaipur,Approved,No,6776.7,1857657.29
L01016,C2016,2025-08-16,Auto,503419,9.2,84,4477990,Self-Employed,612,49,Male,Single,West,Pune,Rejected,No,6544.45,324201.84
L01017,C2017,2025-03-20,Auto,303570,8.6,84,3711962,Self-Employed,648,55,Male,Married,West,Ahmedabad,Rejected,No,3924.73,182749.14
L01018,C2018,2025-08-06,Business,1137463,10.6,180,682774,Salaried,609,59,Female,Married,East,Bhubaneswar,Rejected,No,6989.08,1808566.17
L01019,C2019,2025-07-20,Education,236786,8.4,96,4738300,Salaried,806,22,Male,Single,North,Delhi,Approved,No,2673.71,159120.19
L01020,C2020,2025-11-12,Personal,346028,11.9,60,3433387,Salaried,847,54,Male,Married,South,Bengaluru,Approved,No,6453.42,205886.66
L01021,C2021,2025-01-26,Education,437646,7.9,96,2162770,Business Owner,800,50,Male,Married,East,Bhubaneswar,Approved,No,4918.96,276592.27
L01022,C2022,2025-10-11,Education,409613,7.8,96,1313286,Salaried,795,56,Male,Married,West,Ahmedabad,Approved,No,4599.61,255598.51
L01023,C2023,2025-04-21,Education,701718,7.4,96,2498976,Business Owner,736,30,Male,Married,West,Ahmedabad,Approved,No,7850.47,415417.06
L01024,C2024,2025-07-27,Home,1445791,8.9,240,2749783,Salaried,664,45,Male,Single,North,Lucknow,Pending,No,6560.28,2573507.98
L01025,C2025,2025-12-09,Home,2808184,8.6,240,3568296,Self-Employed,662,35,Female,Married,South,Bengaluru,Approved,Yes,12707.03,4830076.48
L01026,C2026,2025-07-07,Home,2416345,9.1,240,901774,Self-Employed,656,25,Female,Single,East,Kolkata,Rejected,No,10984.3,4397747.9
L01027,C2027,2025-06-18,Auto,482745,9.0,84,2971104,Self-Employed,664,38,Male,Married,West,Mumbai,Pending,No,6264.19,304129.35
L01028,C2028,2025-12-08,Personal,163122,12.7,60,2993083,Salaried,715,25,Female,Married,West,Ahmedabad,Approved,No,3063.97,103582.47
L01029,C2029,2025-09-25,Home,1107407,9.3,240,1555532,Self-Employed,678,34,Male,Married,South,Hyderabad,Approved,No,5043.32,2059777.02
L01030,C2030,2025-11-29,Education,608319,8.1,96,2240488,Business Owner,620,47,Female,Married,West,Pune,Rejected,No,6849.93,394190.71
L01031,C2031,2025-06-21,Business,3027562,10.1,180,2890128,Salaried,651,35,Male,Married,South,Hyderabad,Rejected,No,18518.59,4586756.43
L01032,C2032,2025-12-31,Home,898645,8.0,240,880936,Salaried,690,21,Male,Single,North,Delhi,Approved,No,4043.9,1437832.0
L01033,C2033,2025-07-17,Auto,720388,10.3,84,2893647,Self-Employed,739,48,Male,Single,West,Pune,Approved,No,9459.38,519399.75
L01034,C2034,2025-08-14,Home,2280603,7.9,240,3711697,Salaried,662,28,Female,Married,East,Kolkata,Approved,No,10253.21,3603352.74
L01035,C2035,2025-08-07,Auto,788585,9.6,84,2027119,Self-Employed,612,36,Male,Single,West,Mumbai,Rejected,No,10289.16,529929.12
L01036,C2036,2025-05-30,Business,3065756,11.3,180,4994190,Business Owner,815,35,Female,Single,East,Patna,Approved,No,18956.59,5196456.42
L01037,C2037,2025-01-09,Business,3658233,11.4,180,1317641,Business Owner,701,56,Male,Married,North,Jaipur,Pending,No,22640.4,6255578.43
L01038,C2038,2025-05-19,Business,1038144,12.0,180,3053040,Salaried,728,36,Male,Married,South,Chennai,Approved,No,6459.56,1868659.2
L01039,C2039,2025-07-31,Education,245457,7.4,96,1382875,Self-Employed,615,42,Female,Married,North,Lucknow,Rejected,No,2746.05,145310.54
L01040,C2040,2025-01-15,Personal,419172,11.2,60,385233,Salaried,610,43,Male,Married,South,Chennai,Rejected,No,7768.65,234736.32
L01041,C2041,2025-08-09,Education,610628,7.9,96,3096077,Salaried,819,57,Male,Married,North,Delhi,Approved,No,6863.2,385916.9
L01042,C2042,2025-04-04,Auto,1029560,8.9,84,4935129,Salaried,676,47,Male,Married,East,Patna,Approved,No,13347.51,641415.88
L01043,C2043,2025-10-04,Personal,318011,13.3,60,2900698,Salaried,717,23,Female,Married,North,Delhi,Pending,No,6005.11,211477.31
L01044,C2044,2025-06-13,Business,3212176,10.2,180,720462,Salaried,639,30,Male,Single,East,Bhubaneswar,Rejected,No,19665.66,4914629.28
L01045,C2045,2025-04-13,Personal,289974,11.6,60,4989941,Salaried,756,54,Male,Married,North,Delhi,Approved,No,5393.52,168184.92
L01046,C2046,2025-12-21,Home,2483059,9.3,240,1427781,Salaried,684,48,Female,Single,North,Delhi,Approved,No,11308.26,4618489.74
L01047,C2047,2025-02-10,Education,564247,8.3,96,1491135,Salaried,798,35,Female,Single,North,Jaipur,Approved,No,6365.41,374660.01
L01048,C2048,2025-03-25,Home,1352851,8.4,240,2118522,Salaried,669,29,Female,Married,South,Chennai,Approved,Yes,6110.38,2272789.68
L01049,C2049,2025-07-31,Education,685039,8.0,96,3769420,Salaried,834,60,Male,Single,East,Kolkata,Approved,No,7706.69,438424.96
L01050,C2050,2025-10-27,Auto,1126927,8.6,84,4843471,Business Owner,658,42,Female,Single,North,Jaipur,Rejected,No,14569.56,678410.05
L01051,C2051,2025-02-14,Auto,809049,8.7,84,4554141,Salaried,785,28,Female,Married,East,Patna,Approved,No,10469.48,492710.84
L01052,C2052,2025-06-30,Auto,377525,9.9,84,4937213,Salaried,706,58,Female,Single,South,Hyderabad,Approved,No,4939.29,261624.82
L01053,C2053,2025-01-11,Auto,484028,9.0,84,1217646,Self-Employed,726,39,Male,Married,South,Hyderabad,Approved,No,6280.84,304937.64
L01054,C2054,2025-04-11,Personal,501080,13.8,60,3461533,Salaried,773,39,Female,Single,North,Jaipur,Approved,No,9503.82,345745.2
L01055,C2055,2025-07-13,Auto,833279,8.8,84,4512787,Business Owner,815,43,Male,Single,West,Mumbai,Approved,No,10792.95,513299.86
L01056,C2056,2025-08-31,Education,419365,7.5,96,4467755,Self-Employed,665,31,Male,Single,South,Hyderabad,Pending,No,4696.01,251619.0
L01057,C2057,2025-03-19,Education,287781,8.1,96,975730,Business Owner,826,39,Male,Married,South,Chennai,Approved,No,3240.53,186482.09
L01058,C2058,2025-11-15,Personal,343889,12.6,60,652669,Business Owner,638,39,Male,Married,East,Bhubaneswar,Rejected,No,6453.65,216650.07
L01059,C2059,2025-01-21,Home,1887201,8.2,240,3112066,Salaried,769,38,Male,Married,West,Pune,Approved,No,8508.13,3095009.64
L01060,C2060,2025-10-03,Home,1436863,8.2,240,1782939,Salaried,817,48,Female,Single,North,Lucknow,Approved,No,6477.86,2356455.32
L01061,C2061,2025-12-11,Home,1260263,8.6,240,1172257,Salaried,795,23,Female,Married,West,Pune,Approved,No,5702.69,2167652.36
L01062,C2062,2025-03-08,Business,2684313,12.6,180,4330235,Salaried,662,39,Male,Married,West,Pune,Pending,No,16791.87,5073351.57
L01063,C2063,2025-02-27,Education,217938,7.5,96,1514926,Self-Employed,645,52,Male,Married,South,Hyderabad,Rejected,No,2440.45,130762.8
L01064,C2064,2025-01-30,Education,491173,7.2,96,1587015,Salaried,811,48,Female,Single,West,Ahmedabad,Approved,No,5484.77,282915.65
L01065,C2065,2025-01-24,Personal,665435,12.3,60,317875,Self-Employed,615,32,Female,Married,North,Lucknow,Rejected,No,12454.73,409242.53
L01066,C2066,2025-08-23,Home,1478801,9.0,240,3280288,Self-Employed,741,36,Male,Married,South,Hyderabad,Approved,No,6716.22,2661841.8
L01067,C2067,2025-10-05,Business,1399636,10.2,180,3532671,Self-Employed,772,32,Female,Single,South,Hyderabad,Approved,No,8568.88,2141443.08
L01068,C2068,2025-09-18,Education,399095,7.5,96,4931769,Business Owner,678,35,Female,Married,North,Delhi,Approved,No,4469.03,239457.0
L01069,C2069,2025-11-19,Business,1864687,11.4,180,831004,Business Owner,735,44,Male,Married,West,Ahmedabad,Approved,No,11540.34,3188614.77
L01070,C2070,2025-10-31,Auto,433625,10.3,84,2375025,Self-Employed,797,58,Male,Single,North,Lucknow,Approved,No,5693.91,312643.62
L01071,C2071,2025-11-10,Education,357994,8.1,96,1794808,Self-Employed,788,57,Male,Married,East,Patna,Approved,No,4031.16,231980.11
L01072,C2072,2025-08-16,Personal,460110,11.0,60,2884093,Business Owner,757,40,Male,Married,East,Bhubaneswar,Approved,No,8512.03,253060.5
L01073,C2073,2025-11-01,Education,519304,7.0,96,1497216,Self-Employed,795,40,Female,Single,West,Pune,Approved,No,5788.08,290810.24
L01074,C2074,2025-04-16,Business,815696,10.3,180,2684265,Self-Employed,703,58,Male,Single,East,Patna,Pending,No,4998.4,1260250.32
L01075,C2075,2025-03-13,Business,1825555,12.6,180,534498,Self-Employed,667,23,Female,Single,East,Patna,Approved,Yes,11419.86,3450298.95
L01076,C2076,2025-04-08,Business,1634809,12.3,180,813437,Business Owner,604,23,Female,Single,East,Patna,Rejected,No,10199.39,3016222.61
L01077,C2077,2025-01-07,Business,1598536,13.0,180,4922670,Salaried,660,21,Male,Married,East,Patna,Pending,No,10035.25,3117145.2
L01078,C2078,2025-10-05,Education,218127,8.1,96,3683100,Business Owner,626,39,Female,Single,East,Patna,Rejected,No,2456.2,141346.3
L01079,C2079,2025-12-19,Education,369864,8.3,96,463625,Salaried,767,24,Male,Single,North,Lucknow,Pending,No,4172.53,245589.7
L01080,C2080,2025-06-04,Auto,807456,10.4,84,1403325,Salaried,753,45,Male,Married,East,Bhubaneswar,Approved,No,10612.28,587827.97
L01081,C2081,2025-11-22,Auto,630748,8.7,84,3959009,Business Owner,823,39,Female,Married,North,Jaipur,Approved,No,8162.18,384125.53
L01082,C2082,2025-04-29,Auto,867472,9.4,84,4329889,Business Owner,830,35,Female,Married,East,Bhubaneswar,Approved,No,11297.79,570796.58
L01083,C2083,2025-08-30,Personal,159094,11.4,60,2711471,Salaried,685,30,Female,Single,West,Mumbai,Approved,No,2953.85,90683.58
L01084,C2084,2025-03-29,Auto,663336,9.1,84,4796895,Business Owner,764,43,Male,Single,South,Bengaluru,Approved,No,8615.47,422545.03
L01085,C2085,2025-11-03,Home,2852078,7.6,240,4514076,Salaried,683,37,Female,Single,North,Jaipur,Pending,No,12786.82,4335158.56
L01086,C2086,2025-08-25,Education,573945,8.7,96,2232073,Salaried,795,43,Female,Single,East,Bhubaneswar,Approved,No,6498.73,399465.72
L01087,C2087,2025-02-05,Auto,812051,9.6,84,2004351,Business Owner,609,33,Male,Married,South,Bengaluru,Rejected,No,10595.33,545698.27
L01088,C2088,2025-08-11,Business,3906131,11.4,180,4279843,Salaried,729,41,Male,Single,West,Mumbai,Approved,No,24174.61,6679484.01
L01089,C2089,2025-07-02,Education,423039,8.0,96,2864645,Self-Employed,704,51,Male,Single,South,Chennai,Approved,No,4759.19,270744.96
L01090,C2090,2025-07-22,Education,597305,9.0,96,1035029,Salaried,788,58,Female,Single,East,Bhubaneswar,Approved,No,6781.9,430059.6
L01091,C2091,2025-04-30,Auto,338725,9.5,84,741729,Business Owner,756,42,Male,Married,West,Pune,Approved,No,4415.52,225252.12
L01092,C2092,2025-12-10,Business,1718484,12.2,180,3735963,Business Owner,769,50,Female,Single,North,Lucknow,Approved,No,10711.88,3144825.72
L01093,C2093,2025-10-03,Auto,845153,8.6,84,4412752,Business Owner,684,25,Male,Single,South,Hyderabad,Pending,No,10926.62,508782.11
L01094,C2094,2025-04-16,Business,2438280,12.9,180,4090419,Self-Employed,830,52,Male,Single,South,Hyderabad,Approved,No,15293.43,4718071.8
L01095,C2095,2025-09-09,Personal,458318,12.0,60,2125678,Business Owner,763,26,Female,Single,North,Delhi,Approved,No,8555.27,274990.8
L01096,C2096,2025-07-11,Business,2367702,11.7,180,1700259,Salaried,813,41,Male,Single,North,Delhi,Approved,No,14692.91,4155317.01
L01097,C2097,2025-03-06,Auto,1082372,8.7,84,1937111,Business Owner,632,51,Female,Married,North,Lucknow,Rejected,No,14006.41,659164.55
L01098,C2098,2025-05-26,Home,2589256,8.2,240,2341361,Self-Employed,785,24,Male,Single,East,Bhubaneswar,Approved,No,11673.23,4246379.84
L01099,C2099,2025-09-18,Education,756720,7.9,96,2032952,Business Owner,702,59,Female,Married,South,Hyderabad,Pending,No,8505.22,478247.04
L01100,C2100,2025-05-30,Personal,437386,12.5,60,806283,Self-Employed,780,36,Male,Single,South,Bengaluru,Approved,No,8200.99,273366.25
L01101,C2101,2025-09-18,Personal,206180,13.6,60,4388132,Salaried,745,51,Female,Married,West,Pune,Approved,No,3903.67,140202.4
L01102,C2102,2025-05-11,Personal,529768,12.5,60,4869293,Self-Employed,752,25,Female,Married,West,Mumbai,Approved,No,9933.15,331105.0
L01103,C2103,2025-07-11,Business,3161730,11.9,180,4174087,Salaried,845,23,Male,Married,North,Delhi,Approved,No,19655.42,5643688.05
L01104,C2104,2025-08-21,Personal,542730,12.0,60,369395,Salaried,667,54,Male,Single,South,Bengaluru,Pending,No,10130.96,325638.0
L01105,C2105,2025-01-02,Business,2254851,12.6,180,3754105,Business Owner,747,32,Male,Single,South,Chennai,Approved,No,14105.35,4261668.39
L01106,C2106,2025-04-11,Auto,1171820,10.2,84,3241087,Salaried,628,48,Male,Married,West,Pune,Rejected,No,15373.16,836679.48
L01107,C2107,2025-04-20,Home,1673524,8.5,240,2003684,Self-Employed,678,39,Female,Single,West,Pune,Approved,No,7565.72,2844990.8
L01108,C2108,2025-03-07,Home,835352,7.9,240,2250755,Self-Employed,783,29,Female,Single,North,Jaipur,Approved,No,3755.6,1319856.16
L01109,C2109,2025-12-29,Auto,389121,9.0,84,868916,Business Owner,767,52,Female,Married,South,Chennai,Approved,No,5049.31,245146.23
L01110,C2110,2025-03-15,Auto,974492,9.1,84,3414114,Self-Employed,799,55,Female,Married,South,Chennai,Approved,No,12656.79,620751.4
L01111,C2111,2025-05-16,Education,386076,7.3,96,2445464,Business Owner,821,34,Male,Single,West,Mumbai,Approved,No,4315.2,225468.38
L01112,C2112,2025-08-18,Business,1781270,11.1,180,733000,Business Owner,609,31,Male,Married,North,Delhi,Rejected,No,10994.39,2965814.55
L01113,C2113,2025-06-23,Business,2139652,11.1,180,3112038,Self-Employed,799,51,Female,Married,North,Delhi,Approved,No,13206.41,3562520.58
L01114,C2114,2025-12-02,Education,212922,7.4,96,2341745,Self-Employed,634,31,Male,Married,North,Delhi,Rejected,No,2382.06,126049.82
L01115,C2115,2025-06-11,Business,3617392,11.5,180,3493331,Business Owner,744,38,Female,Married,North,Delhi,Approved,No,22407.73,6240001.2
L01116,C2116,2025-06-04,Business,2487936,10.7,180,1702439,Self-Employed,740,29,Male,Single,West,Mumbai,Approved,No,15300.81,3993137.28
L01117,C2117,2025-06-06,Education,482987,8.5,96,429157,Business Owner,636,49,Female,Married,South,Chennai,Rejected,No,5458.76,328431.16
L01118,C2118,2025-06-03,Home,1566012,7.7,240,2046878,Business Owner,772,56,Male,Married,West,Ahmedabad,Approved,No,7027.48,2411658.48
L01119,C2119,2025-03-29,Auto,338855,9.1,84,4830266,Self-Employed,689,55,Female,Single,East,Bhubaneswar,Approved,No,4401.08,215850.64
L01120,C2120,2025-05-13,Education,333066,8.0,96,4964087,Salaried,709,53,Male,Single,West,Pune,Pending,No,3746.99,213162.24
L01121,C2121,2025-07-21,Home,2022958,7.7,240,572873,Business Owner,725,29,Male,Single,North,Lucknow,Approved,No,9078.02,3115355.32
L01122,C2122,2025-04-06,Business,1634219,10.7,180,2556665,Salaried,730,21,Male,Married,South,Bengaluru,Approved,No,10050.45,2622921.49
L01123,C2123,2025-05-30,Education,201562,8.1,96,1544738,Business Owner,821,46,Female,Married,South,Chennai,Approved,No,2269.67,130612.18
L01124,C2124,2025-07-16,Home,2985619,7.7,240,328174,Business Owner,732,30,Male,Married,North,Lucknow,Approved,No,13397.97,4597853.26
L01125,C2125,2025-02-12,Education,246902,8.1,96,4762173,Business Owner,841,48,Female,Single,West,Mumbai,Approved,No,2780.22,159992.5
L01126,C2126,2025-02-19,Home,2960276,8.4,240,724985,Business Owner,605,26,Female,Married,West,Mumbai,Rejected,No,13370.58,4973263.68
L01127,C2127,2025-07-05,Auto,901181,9.0,84,3065942,Salaried,728,41,Male,Single,East,Patna,Approved,No,11693.9,567744.03
L01128,C2128,2025-02-18,Home,2373123,8.7,240,4045326,Salaried,682,56,Male,Single,West,Pune,Approved,No,10748.27,4129234.02
L01129,C2129,2025-07-20,Business,1138404,12.8,180,1068414,Salaried,776,23,Female,Married,North,Delhi,Approved,No,7134.0,2185735.68
L01130,C2130,2025-02-14,Auto,675926,8.9,84,1440374,Salaried,719,60,Male,Married,West,Pune,Pending,No,8762.9,421101.9
L01131,C2131,2025-01-17,Business,791266,10.1,180,1274717,Salaried,775,50,Male,Married,East,Kolkata,Approved,No,4839.91,1198767.99
L01132,C2132,2025-03-31,Education,788835,8.4,96,3725895,Salaried,606,29,Female,Married,North,Jaipur,Rejected,No,8907.26,530097.12
L01133,C2133,2025-06-09,Personal,112088,14.3,60,546332,Self-Employed,767,23,Female,Married,East,Kolkata,Pending,No,2135.28,80142.92
L01134,C2134,2025-11-17,Education,226375,8.0,96,2135117,Salaried,818,40,Female,Married,South,Bengaluru,Approved,No,2546.72,144880.0
L01135,C2135,2025-08-23,Auto,815028,10.0,84,4983647,Business Owner,846,32,Female,Single,East,Kolkata,Approved,No,10672.99,570519.6
L01136,C2136,2025-07-29,Education,619628,8.9,96,3809001,Business Owner,780,49,Female,Single,North,Lucknow,Approved,No,7028.91,441175.14
L01137,C2137,2025-09-05,Home,1052033,7.6,240,1639188,Self-Employed,748,30,Male,Married,West,Pune,Approved,No,4716.61,1599090.16
L01138,C2138,2025-05-10,Personal,674288,12.7,60,2880331,Business Owner,613,43,Male,Single,East,Bhubaneswar,Rejected,No,12665.38,428172.88
L01139,C2139,2025-10-07,Personal,396804,13.4,60,444216,Business Owner,848,26,Male,Single,East,Patna,Approved,No,7499.6,265858.68
L01140,C2140,2025-10-02,Education,501465,7.1,96,2258754,Salaried,678,46,Female,Single,South,Chennai,Pending,No,5594.47,284832.12
L01141,C2141,2025-01-16,Home,1562293,7.9,240,1145206,Salaried,611,46,Male,Single,North,Jaipur,Rejected,No,7023.81,2468422.94
L01142,C2142,2025-11-01,Personal,503754,11.8,60,4466380,Self-Employed,636,56,Male,Married,West,Mumbai,Rejected,No,9386.62,297214.86
L01143,C2143,2025-11-30,Home,2049122,7.7,240,410782,Business Owner,653,47,Male,Married,North,Jaipur,Rejected,No,9195.43,3155647.88
L01144,C2144,2025-04-16,Auto,403307,9.2,84,727219,Self-Employed,784,42,Male,Single,West,Mumbai,Approved,No,5242.99,259729.71
L01145,C2145,2025-08-28,Home,1498216,9.0,240,489866,Salaried,720,47,Male,Single,South,Hyderabad,Approved,No,6804.4,2696788.8
L01146,C2146,2025-04-27,Business,1148559,11.5,180,1231707,Salaried,799,49,Female,Married,North,Lucknow,Approved,No,7114.68,1981264.28
L01147,C2147,2025-03-11,Auto,668991,9.0,84,4888819,Salaried,603,46,Male,Married,North,Delhi,Rejected,No,8680.95,421464.33
L01148,C2148,2025-08-15,Business,3026920,11.4,180,619198,Business Owner,802,43,Male,Single,North,Jaipur,Approved,No,18733.27,5176033.2
L01149,C2149,2025-01-05,Business,875149,12.7,180,3359133,Salaried,778,33,Female,Married,North,Delhi,Approved,No,5479.41,1667158.84
L01150,C2150,2025-02-24,Auto,864336,9.5,84,2077389,Business Owner,779,48,Male,Married,East,Kolkata,Approved,No,11267.24,574783.44
L01151,C2151,2025-05-06,Home,2344766,9.0,240,1536146,Salaried,625,60,Female,Married,East,Kolkata,Rejected,No,10649.15,4220578.8
L01152,C2152,2025-10-27,Home,2166720,9.3,240,1084103,Self-Employed,600,28,Female,Single,East,Patna,Rejected,No,9867.6,4030099.2
L01153,C2153,2025-10-16,Auto,872531,8.7,84,2992337,Self-Employed,790,53,Male,Single,South,Hyderabad,Approved,No,11290.97,531371.38
L01154,C2154,2025-07-09,Personal,268586,12.7,60,3457308,Self-Employed,818,48,Female,Single,East,Bhubaneswar,Approved,No,5044.94,170552.11
L01155,C2155,2025-09-30,Auto,783071,9.2,84,842389,Business Owner,713,35,Female,Married,South,Chennai,Pending,No,10179.92,504297.72
L01156,C2156,2025-03-24,Education,394733,8.7,96,2967998,Business Owner,678,32,Female,Single,South,Chennai,Approved,No,4469.53,274734.17
L01157,C2157,2025-07-13,Business,1279874,11.3,180,3679154,Business Owner,637,34,Male,Single,West,Ahmedabad,Rejected,No,7913.89,2169386.43
L01158,C2158,2025-11-07,Personal,475531,14.3,60,3137507,Salaried,653,47,Male,Single,North,Lucknow,Rejected,No,9058.87,340004.67
L01159,C2159,2025-03-16,Personal,372323,13.4,60,1779456,Self-Employed,614,33,Female,Married,West,Ahmedabad,Rejected,No,7036.9,249456.41
L01160,C2160,2025-11-01,Education,529536,7.1,96,3899252,Self-Employed,843,52,Female,Single,East,Patna,Approved,No,5907.64,300776.45
L01161,C2161,2025-08-22,Education,752566,7.8,96,945708,Business Owner,750,34,Male,Married,East,Kolkata,Approved,No,8450.69,469601.18
L01162,C2162,2025-03-26,Personal,489013,11.4,60,4344528,Salaried,626,39,Male,Single,South,Chennai,Rejected,No,9079.34,278737.41
L01163,C2163,2025-01-16,Auto,693003,8.5,84,4934598,Salaried,703,47,Male,Married,North,Jaipur,Approved,No,8951.29,412336.78
L01164,C2164,2025-02-11,Education,772907,8.5,96,2553495,Self-Employed,726,33,Female,Married,East,Kolkata,Approved,No,8735.46,525576.76
L01165,C2165,2025-03-23,Home,1631665,7.9,240,575969,Business Owner,674,38,Female,Single,East,Patna,Pending,No,7335.69,2578030.7
L01166,C2166,2025-06-16,Home,936362,7.6,240,4829271,Salaried,656,59,Male,Married,South,Hyderabad,Rejected,No,4198.02,1423270.24
L01167,C2167,2025-01-31,Personal,506445,14.3,60,4437733,Salaried,646,48,Female,Single,South,Bengaluru,Rejected,No,9647.78,362108.17
L01168,C2168,2025-08-20,Auto,975829,9.0,84,1739866,Business Owner,716,21,Female,Single,West,Ahmedabad,Approved,No,12662.54,614772.27
L01169,C2169,2025-11-01,Education,246761,8.9,96,3348318,Salaried,792,31,Male,Married,North,Jaipur,Approved,No,2799.2,175693.83
L01170,C2170,2025-02-04,Personal,336108,11.7,60,573254,Salaried,671,30,Female,Single,East,Bhubaneswar,Approved,Yes,6257.21,196623.18
L01171,C2171,2025-11-16,Home,1989839,9.2,240,2197856,Salaried,686,36,Male,Married,East,Kolkata,Approved,No,9053.77,3661303.76
L01172,C2172,2025-05-18,Education,763508,8.3,96,1669116,Self-Employed,751,26,Male,Married,East,Kolkata,Approved,No,8613.32,506969.31
L01173,C2173,2025-03-23,Business,736734,11.2,180,3595228,Salaried,680,21,Female,Married,West,Pune,Pending,No,4551.38,1237713.12
L01174,C2174,2025-07-25,Home,2679621,7.9,240,2004141,Salaried,830,48,Female,Single,East,Patna,Approved,No,12047.13,4233801.18
L01175,C2175,2025-06-11,Business,931533,12.4,180,3644049,Salaried,664,38,Male,Married,East,Kolkata,Pending,No,5816.91,1732651.38
L01176,C2176,2025-05-02,Home,1765829,7.7,240,826759,Business Owner,690,24,Female,Single,South,Hyderabad,Pending,No,7924.16,2719376.66
L01177,C2177,2025-12-25,Personal,237669,12.0,60,2488825,Business Owner,719,28,Male,Married,West,Ahmedabad,Pending,No,4436.49,142601.4
L01178,C2178,2025-08-09,Education,600769,8.2,96,4432548,Self-Employed,610,27,Female,Married,East,Patna,Rejected,No,6771.17,394104.46
L01179,C2179,2025-10-05,Education,260114,8.5,96,4854189,Salaried,770,41,Female,Single,South,Bengaluru,Approved,No,2939.83,176877.52
L01180,C2180,2025-07-11,Personal,231417,14.4,60,450906,Salaried,789,58,Female,Married,South,Bengaluru,Pending,No,4412.35,166620.24
L01181,C2181,2025-10-29,Personal,525443,12.6,60,3239058,Self-Employed,602,32,Male,Married,South,Chennai,Rejected,No,9860.81,331029.09
L01182,C2182,2025-08-16,Personal,112000,14.3,60,2594510,Salaried,622,29,Female,Single,South,Chennai,Rejected,No,2133.6,80080.0
L01183,C2183,2025-01-26,Auto,503639,8.6,84,741370,Business Owner,846,26,Male,Married,North,Jaipur,Approved,No,6511.33,303190.68
L01184,C2184,2025-01-11,Business,1749393,11.8,180,1790123,Business Owner,634,30,Female,Single,East,Kolkata,Rejected,No,10865.67,3096425.61
L01185,C2185,2025-01-06,Education,638289,7.6,96,2657086,Salaried,702,57,Female,Married,North,Jaipur,Pending,No,7154.16,388079.71
L01186,C2186,2025-02-28,Personal,253735,11.8,60,2576474,Salaried,708,60,Female,Single,West,Mumbai,Pending,No,4727.93,149703.65
L01187,C2187,2025-08-26,Auto,403957,8.7,84,1451058,Self-Employed,840,45,Female,Single,North,Jaipur,Approved,No,5227.4,246009.81
L01188,C2188,2025-02-21,Education,388807,7.9,96,2048422,Business Owner,802,56,Female,Married,West,Mumbai,Approved,No,4370.03,245726.02
L01189,C2189,2025-09-12,Business,3424827,10.7,180,1883648,Salaried,644,35,Female,Single,North,Jaipur,Rejected,No,21062.69,5496847.33
L01190,C2190,2025-04-26,Personal,697974,13.1,60,4502551,Self-Employed,810,29,Female,Married,West,Pune,Approved,No,13156.81,457172.97
L01191,C2191,2025-06-22,Education,479152,7.7,96,1750865,Business Owner,650,41,Female,Single,East,Patna,Rejected,No,5375.49,295157.63
L01192,C2192,2025-09-08,Education,216780,7.5,96,2636454,Business Owner,660,47,Male,Single,South,Chennai,Pending,No,2427.48,130068.0
L01193,C2193,2025-08-01,Business,1390361,10.2,180,4683469,Self-Employed,667,47,Female,Married,South,Bengaluru,Pending,No,8512.1,2127252.33
L01194,C2194,2025-03-18,Education,511358,8.1,96,4942697,Self-Employed,836,51,Male,Married,West,Mumbai,Approved,No,5758.1,331359.98
L01195,C2195,2025-06-22,Auto,1182122,9.2,84,3106169,Salaried,610,35,Male,Single,North,Lucknow,Rejected,No,15367.59,761286.57
L01196,C2196,2025-03-11,Business,613454,10.1,180,4571446,Salaried,662,32,Female,Single,East,Bhubaneswar,Approved,No,3752.29,929382.81
L01197,C2197,2025-01-24,Auto,836766,8.9,84,981845,Self-Employed,757,51,Male,Single,West,Ahmedabad,Approved,No,10848.07,521305.22
L01198,C2198,2025-12-10,Personal,125239,11.1,60,4620445,Business Owner,777,40,Male,Married,South,Bengaluru,Approved,No,2319.01,69507.64
L01199,C2199,2025-07-25,Education,281526,7.8,96,792266,Salaried,667,57,Male,Single,North,Lucknow,Approved,No,3161.3,175672.22
L01200,C2200,2025-04-15,Business,3082473,11.5,180,1787395,Salaried,796,50,Male,Single,South,Hyderabad,Approved,No,19094.21,5317265.93
L01201,C2201,2025-02-14,Education,506117,8.4,96,2883363,Business Owner,756,36,Female,Single,North,Lucknow,Approved,No,5714.9,340110.62
L01202,C2202,2025-11-07,Auto,328085,9.6,84,3309769,Business Owner,798,31,Female,Married,North,Delhi,Approved,No,4280.73,220473.12
L01203,C2203,2025-11-21,Personal,588540,11.0,60,755530,Self-Employed,778,38,Male,Married,East,Patna,Approved,No,10887.99,323697.0
L01204,C2204,2025-01-24,Business,3228358,12.0,180,734572,Salaried,626,51,Male,Married,East,Patna,Rejected,No,20087.56,5811044.4
L01205,C2205,2025-03-18,Auto,332597,10.2,84,656778,Business Owner,714,31,Female,Married,West,Ahmedabad,Pending,No,4363.36,237474.26
L01206,C2206,2025-11-25,Business,3270393,11.5,180,3036774,Business Owner,792,50,Female,Married,East,Bhubaneswar,Approved,No,20258.27,5641427.92
L01207,C2207,2025-01-09,Business,3516679,11.4,180,318305,Salaried,708,60,Male,Single,North,Jaipur,Approved,No,21764.34,6013521.09
L01208,C2208,2025-09-25,Personal,441902,12.3,60,3833946,Business Owner,649,52,Male,Married,North,Lucknow,Rejected,No,8270.93,271769.73
L01209,C2209,2025-05-08,Auto,692099,10.4,84,1496250,Salaried,676,32,Female,Single,South,Chennai,Pending,No,9096.16,503848.07
L01210,C2210,2025-12-20,Home,2380088,7.8,240,2396527,Self-Employed,756,23,Female,Single,West,Ahmedabad,Approved,No,10690.56,3712937.28
L01211,C2211,2025-12-26,Education,660970,7.5,96,2446159,Self-Employed,728,53,Male,Married,South,Hyderabad,Approved,No,7401.49,396582.0
L01212,C2212,2025-07-26,Business,2671687,13.0,180,4089716,Self-Employed,727,59,Female,Single,East,Patna,Approved,No,16772.26,5209789.65
L01213,C2213,2025-10-16,Auto,482640,9.5,84,2903924,Business Owner,745,29,Male,Single,North,Delhi,Approved,No,6291.56,320955.6
L01214,C2214,2025-10-29,Home,2512036,8.7,240,4105952,Business Owner,842,59,Male,Married,West,Pune,Approved,No,11377.43,4370942.64
L01215,C2215,2025-05-11,Education,719498,7.0,96,3653910,Business Owner,742,32,Male,Single,East,Patna,Approved,No,8019.4,402918.88
L01216,C2216,2025-01-26,Auto,928611,8.6,84,1978913,Business Owner,754,50,Female,Married,South,Chennai,Approved,No,12005.61,559023.82
L01217,C2217,2025-03-09,Personal,328303,12.3,60,583163,Salaried,822,58,Female,Single,North,Jaipur,Pending,No,6144.74,201906.35
L01218,C2218,2025-08-08,Personal,158312,14.7,60,1436088,Business Owner,675,27,Female,Single,West,Pune,Pending,No,3026.4,116359.32
L01219,C2219,2025-07-29,Business,2187361,12.0,180,584837,Salaried,766,54,Female,Single,South,Hyderabad,Pending,No,13610.25,3937249.8
L01220,C2220,2025-07-27,Auto,622283,9.0,84,356434,Salaried,679,21,Male,Single,West,Mumbai,Pending,No,8074.86,392038.29
L01221,C2221,2025-06-20,Personal,539399,11.6,60,1722357,Business Owner,618,58,Male,Married,West,Pune,Rejected,No,10032.82,312851.42
L01222,C2222,2025-05-19,Personal,408200,13.4,60,4155587,Self-Employed,610,48,Male,Single,West,Mumbai,Rejected,No,7714.98,273494.0
L01223,C2223,2025-12-19,Personal,533626,13.5,60,2944200,Business Owner,616,43,Male,Single,West,Mumbai,Rejected,No,10094.43,360197.55
L01224,C2224,2025-09-18,Personal,502156,14.2,60,4814857,Salaried,751,43,Female,Married,South,Hyderabad,Approved,No,9557.7,356530.76
L01225,C2225,2025-01-07,Education,460965,7.9,96,2485836,Business Owner,669,40,Female,Single,North,Jaipur,Approved,No,5181.05,291329.88
L01226,C2226,2025-01-21,Auto,1126762,8.5,84,454140,Salaried,794,53,Female,Single,North,Lucknow,Approved,No,14554.01,670423.39
L01227,C2227,2025-12-30,Home,852208,8.7,240,4031387,Business Owner,736,34,Male,Married,East,Patna,Approved,No,3859.79,1482841.92
L01228,C2228,2025-08-10,Education,691176,8.8,96,1408564,Self-Employed,651,23,Female,Married,East,Patna,Rejected,No,7833.33,486587.9
L01229,C2229,2025-10-03,Home,1983412,8.9,240,1077258,Self-Employed,738,56,Female,Married,South,Chennai,Approved,No,8999.73,3530473.36
L01230,C2230,2025-06-10,Education,622867,9.0,96,2321393,Salaried,647,59,Female,Married,East,Kolkata,Rejected,No,7072.14,448464.24
L01231,C2231,2025-08-16,Auto,803576,8.8,84,3348071,Salaried,782,39,Female,Married,West,Pune,Approved,No,10408.22,495002.82
L01232,C2232,2025-07-06,Personal,238695,12.5,60,2584212,Salaried,707,21,Male,Single,East,Patna,Approved,No,4475.53,149184.38
L01233,C2233,2025-01-27,Business,2068545,12.7,180,2826706,Self-Employed,604,36,Male,Single,North,Lucknow,Rejected,No,12951.39,3940578.23
L01234,C2234,2025-04-21,Education,756690,8.2,96,370159,Business Owner,694,23,Male,Married,West,Mumbai,Approved,No,8528.53,496388.64
L01235,C2235,2025-12-23,Personal,455432,13.3,60,541696,Business Owner,636,44,Male,Married,North,Lucknow,Rejected,No,8600.07,302862.28
L01236,C2236,2025-05-20,Home,2605157,9.3,240,715563,Business Owner,759,58,Male,Married,South,Bengaluru,Approved,No,11864.32,4845592.02
L01237,C2237,2025-06-28,Business,1881510,10.0,180,2661526,Business Owner,777,43,Male,Single,East,Bhubaneswar,Approved,No,11498.12,2822265.0
L01238,C2238,2025-05-01,Education,589016,8.4,96,3706986,Self-Employed,640,27,Female,Married,East,Bhubaneswar,Rejected,No,6650.97,395818.75
L01239,C2239,2025-09-16,Education,361756,7.7,96,555712,Self-Employed,714,22,Male,Single,East,Patna,Pending,No,4058.45,222841.7
L01240,C2240,2025-07-11,Home,1766365,8.5,240,869180,Salaried,712,32,Female,Single,South,Hyderabad,Approved,No,7985.44,3002820.5
L01241,C2241,2025-10-26,Personal,493610,14.2,60,3038018,Salaried,678,41,Female,Married,North,Delhi,Pending,No,9395.04,350463.1
L01242,C2242,2025-05-16,Business,3618860,11.2,180,4758688,Business Owner,701,56,Female,Single,North,Lucknow,Pending,No,22356.51,6079684.8
L01243,C2243,2025-02-21,Education,701501,8.7,96,712518,Business Owner,797,32,Male,Married,North,Jaipur,Approved,No,7943.04,488244.7
L01244,C2244,2025-01-21,Education,702328,8.7,96,2329166,Salaried,655,56,Male,Single,East,Bhubaneswar,Rejected,No,7952.4,488820.29
L01245,C2245,2025-11-30,Education,660635,7.4,96,4160347,Salaried,696,23,Male,Married,South,Chennai,Pending,No,7390.85,391095.92
L01246,C2246,2025-12-04,Business,773714,10.5,180,1087864,Salaried,664,59,Male,Married,South,Chennai,Pending,No,4749.74,1218599.55
L01247,C2247,2025-04-14,Auto,658714,9.1,84,1005513,Business Owner,684,35,Male,Married,West,Pune,Approved,No,8555.44,419600.82
L01248,C2248,2025-04-22,Education,393257,7.3,96,2685267,Salaried,662,25,Female,Married,North,Lucknow,Pending,No,4395.47,229662.09
L01249,C2249,2025-09-15,Auto,517406,8.6,84,4310949,Self-Employed,607,29,Female,Married,West,Pune,Rejected,No,6689.32,311478.41
L01250,C2250,2025-08-08,Education,483376,8.5,96,2795704,Self-Employed,786,47,Male,Single,North,Lucknow,Approved,No,5463.16,328695.68
L01251,C2251,2025-05-15,Personal,300183,14.2,60,415707,Self-Employed,815,25,Female,Single,North,Jaipur,Pending,No,5713.48,213129.93
L01252,C2252,2025-11-03,Business,938251,12.2,180,4374357,Salaried,765,37,Female,Married,East,Bhubaneswar,Approved,No,5848.43,1716999.33
L01253,C2253,2025-07-15,Home,1670473,8.1,240,2666389,Salaried,752,29,Male,Married,East,Bhubaneswar,Approved,No,7524.09,2706166.26
L01254,C2254,2025-03-25,Home,2009287,7.5,240,3064417,Salaried,757,33,Female,Single,North,Lucknow,Approved,No,8999.93,3013930.5
L01255,C2255,2025-09-27,Personal,167333,11.5,60,3160582,Business Owner,701,55,Female,Married,East,Kolkata,Pending,No,3109.6,96216.47
L01256,C2256,2025-06-06,Business,2690083,10.6,180,2733728,Self-Employed,617,57,Female,Single,East,Patna,Rejected,No,16529.07,4277231.97
L01257,C2257,2025-03-20,Auto,582422,9.0,84,4622766,Salaried,709,46,Male,Married,North,Lucknow,Pending,No,7557.62,366925.86
L01258,C2258,2025-05-23,Personal,203763,13.0,60,3799566,Self-Employed,621,52,Female,Single,North,Lucknow,Rejected,No,3837.54,132445.95
L01259,C2259,2025-08-01,Education,651887,7.7,96,3253335,Business Owner,625,29,Female,Married,East,Bhubaneswar,Rejected,No,7313.36,401562.39
L01260,C2260,2025-06-01,Education,361382,8.5,96,3509603,Salaried,690,30,Male,Married,East,Kolkata,Pending,No,4084.37,245739.76
L01261,C2261,2025-05-18,Education,692780,7.8,96,442510,Salaried,731,34,Female,Married,West,Ahmedabad,Pending,No,7779.34,432294.72
L01262,C2262,2025-11-07,Auto,938282,8.5,84,706942,Self-Employed,738,59,Female,Single,South,Chennai,Approved,No,12119.48,558277.79
L01263,C2263,2025-07-01,Auto,519933,9.1,84,1582253,Self-Employed,742,52,Female,Married,South,Bengaluru,Approved,No,6752.94,331197.32
L01264,C2264,2025-03-17,Personal,147350,12.0,60,2407342,Business Owner,773,23,Male,Married,East,Bhubaneswar,Approved,No,2750.53,88410.0
L01265,C2265,2025-08-30,Business,1675943,10.9,180,1473667,Self-Employed,685,55,Female,Single,East,Patna,Pending,No,10325.67,2740166.8
L01266,C2266,2025-03-08,Auto,838428,9.9,84,1253606,Business Owner,768,41,Female,Single,East,Patna,Approved,No,10969.43,581030.6
L01267,C2267,2025-05-30,Education,232640,7.6,96,1635244,Business Owner,662,34,Male,Single,North,Lucknow,Pending,No,2607.51,141445.12
L01268,C2268,2025-05-31,Home,1562496,7.7,240,3520798,Salaried,703,45,Female,Single,South,Hyderabad,Approved,No,7011.7,2406243.84
L01269,C2269,2025-10-24,Business,2263320,10.4,180,4903327,Salaried,751,30,Male,Married,East,Bhubaneswar,Approved,No,13881.7,3530779.2
L01270,C2270,2025-08-17,Business,1826903,11.3,180,774912,Business Owner,609,41,Female,Married,West,Ahmedabad,Rejected,No,11296.35,3096600.59
L01271,C2271,2025-06-30,Education,281153,8.5,96,2933689,Business Owner,680,25,Female,Single,West,Pune,Approved,No,3177.61,191184.04
L01272,C2272,2025-09-26,Business,3052336,11.6,180,2837553,Salaried,694,30,Male,Single,North,Lucknow,Approved,No,18924.48,5311064.64
L01273,C2273,2025-02-15,Personal,220079,12.3,60,2294771,Business Owner,751,55,Male,Married,West,Mumbai,Approved,No,4119.15,135348.58
L01274,C2274,2025-03-02,Home,1361261,7.5,240,4584427,Salaried,796,50,Male,Married,West,Ahmedabad,Approved,No,6097.31,2041891.5
L01275,C2275,2025-11-08,Business,2820621,12.1,180,4954309,Self-Employed,636,23,Male,Single,West,Mumbai,Rejected,No,17566.2,5119427.12
L01276,C2276,2025-05-01,Education,743754,7.9,96,3050655,Business Owner,717,27,Male,Married,North,Jaipur,Pending,No,8359.49,470052.53
L01277,C2277,2025-11-05,Auto,1185163,8.8,84,3154338,Business Owner,761,35,Female,Single,North,Jaipur,Approved,No,15350.68,730060.41
L01278,C2278,2025-03-20,Auto,380058,8.6,84,3384025,Salaried,730,41,Male,Married,East,Kolkata,Approved,No,4913.61,228794.92
L01279,C2279,2025-03-14,Education,759745,8.7,96,1254882,Salaried,683,40,Female,Single,West,Ahmedabad,Approved,No,8602.53,528782.52
L01280,C2280,2025-01-12,Auto,1149561,10.1,84,2509597,Salaried,705,48,Male,Married,West,Ahmedabad,Pending,No,15067.46,812739.63
L01281,C2281,2025-08-13,Personal,483832,11.6,60,4482636,Salaried,729,27,Female,Married,East,Bhubaneswar,Approved,No,8999.28,280622.56
L01282,C2282,2025-02-05,Business,3457910,10.7,180,1044306,Business Owner,684,43,Female,Married,North,Delhi,Pending,No,21266.15,5549945.55
L01283,C2283,2025-07-02,Home,1669495,8.9,240,4213820,Business Owner,833,39,Male,Single,West,Pune,Approved,No,7575.33,2971701.1
L01284,C2284,2025-11-27,Business,2353687,12.7,180,1263889,Self-Employed,708,27,Male,Single,East,Patna,Approved,No,14736.7,4483773.74
L01285,C2285,2025-10-30,Education,467539,7.1,96,3543069,Business Owner,778,29,Female,Single,East,Patna,Approved,No,5215.98,265562.15
L01286,C2286,2025-08-01,Home,2259118,7.7,240,1571399,Self-Employed,708,48,Male,Married,South,Chennai,Pending,No,10137.79,3479041.72
L01287,C2287,2025-04-17,Education,340957,8.2,96,2317546,Business Owner,671,49,Female,Married,South,Bengaluru,Approved,No,3842.87,223667.79
L01288,C2288,2025-11-12,Auto,944106,10.1,84,435437,Salaried,624,34,Male,Single,West,Pune,Rejected,No,12374.53,667482.94
L01289,C2289,2025-04-22,Auto,622090,9.3,84,3617299,Salaried,832,57,Female,Single,North,Jaipur,Approved,No,8094.58,404980.59
L01290,C2290,2025-10-08,Business,2538295,10.8,180,1624986,Self-Employed,763,21,Male,Single,East,Bhubaneswar,Approved,No,15624.62,4112037.9
L01291,C2291,2025-08-29,Personal,518728,11.0,60,2574035,Salaried,799,35,Male,Single,East,Kolkata,Approved,No,9596.47,285300.4
L01292,C2292,2025-10-29,Education,407589,8.2,96,1002059,Self-Employed,695,34,Male,Married,East,Bhubaneswar,Pending,No,4593.87,267378.38
L01293,C2293,2025-12-23,Home,1822823,7.7,240,3003066,Business Owner,673,51,Male,Married,North,Jaipur,Approved,Yes,8179.92,2807147.42
L01294,C2294,2025-10-08,Business,772306,11.2,180,1007224,Self-Employed,683,27,Male,Single,East,Kolkata,Approved,No,4771.13,1297474.08
L01295,C2295,2025-07-10,Auto,726294,9.7,84,1381072,Self-Employed,684,32,Male,Married,East,Bhubaneswar,Approved,No,9485.05,493153.63
L01296,C2296,2025-03-12,Home,1027456,9.5,240,1849260,Salaried,649,39,Male,Married,West,Mumbai,Rejected,No,4687.77,1952166.4
L01297,C2297,2025-08-06,Home,2814942,8.0,240,3686613,Salaried,704,34,Male,Married,East,Kolkata,Pending,No,12667.24,4503907.2
L01298,C2298,2025-12-06,Auto,915625,9.3,84,613383,Business Owner,608,60,Male,Married,South,Chennai,Rejected,No,11914.03,596071.88
L01299,C2299,2025-11-03,Auto,903849,8.9,84,4781069,Self-Employed,678,42,Female,Single,North,Delhi,Approved,Yes,11717.76,563097.93
L01300,C2300,2025-05-18,Personal,564223,12.7,60,2852479,Salaried,647,24,Female,Married,East,Kolkata,Rejected,No,10597.99,358281.6
L01301,C2301,2025-07-09,Education,694820,8.4,96,2334262,Self-Employed,670,57,Male,Single,West,Pune,Pending,No,7845.68,466919.04
L01302,C2302,2025-07-27,Personal,536790,11.9,60,3401536,Business Owner,801,44,Male,Single,West,Pune,Approved,No,10011.13,319390.05
L01303,C2303,2025-10-23,Education,554485,7.8,96,3943191,Business Owner,784,42,Male,Married,West,Pune,Approved,No,6226.4,345998.64
L01304,C2304,2025-04-11,Education,555210,8.4,96,4442748,Business Owner,836,56,Male,Single,East,Kolkata,Approved,No,6269.25,373101.12
L01305,C2305,2025-06-01,Auto,1085470,10.1,84,3746243,Business Owner,740,51,Male,Married,East,Kolkata,Approved,No,14227.41,767427.29
L01306,C2306,2025-04-17,Auto,406436,8.7,84,2184109,Self-Employed,772,29,Female,Married,West,Mumbai,Approved,No,5259.48,247519.52
L01307,C2307,2025-10-21,Personal,605385,12.5,60,334115,Salaried,841,28,Male,Married,West,Ahmedabad,Pending,No,11350.97,378365.62
L01308,C2308,2025-12-26,Personal,391473,12.6,60,2798548,Self-Employed,800,43,Female,Married,East,Bhubaneswar,Approved,No,7346.64,246627.99
L01309,C2309,2025-12-26,Home,2060703,8.5,240,4158839,Self-Employed,635,39,Female,Married,South,Hyderabad,Rejected,No,9316.09,3503195.1
L01310,C2310,2025-01-15,Home,1740347,7.6,240,3753538,Salaried,774,46,Male,Single,West,Pune,Approved,No,7802.56,2645327.44
L01311,C2311,2025-02-21,Personal,539628,13.1,60,2199360,Self-Employed,659,23,Female,Married,North,Delhi,Rejected,No,10171.99,353456.34
L01312,C2312,2025-12-06,Education,463240,8.2,96,4440816,Business Owner,753,26,Male,Married,North,Delhi,Approved,No,5221.1,303885.44
L01313,C2313,2025-05-30,Personal,670730,11.2,60,624240,Salaried,638,28,Male,Single,East,Patna,Rejected,No,12430.86,375608.8
L01314,C2314,2025-10-30,Business,751296,10.2,180,2490543,Salaried,827,34,Female,Married,East,Bhubaneswar,Approved,No,4599.6,1149482.88
L01315,C2315,2025-01-09,Education,321641,8.4,96,1129482,Salaried,818,40,Female,Married,North,Jaipur,Approved,No,3631.86,216142.75
L01316,C2316,2025-09-01,Business,1000091,10.9,180,1040419,Business Owner,674,44,Female,Single,South,Hyderabad,Approved,No,6161.67,1635148.79
L01317,C2317,2025-03-28,Personal,416319,13.3,60,901862,Salaried,661,30,Male,Single,East,Bhubaneswar,Pending,No,7861.49,276852.14
L01318,C2318,2025-05-10,Home,2207253,8.7,240,2292030,Self-Employed,621,42,Male,Single,East,Kolkata,Rejected,No,9997.02,3840620.22
L01319,C2319,2025-12-27,Education,580931,7.9,96,2916305,Business Owner,828,38,Female,Single,South,Hyderabad,Approved,No,6529.42,367148.39
L01320,C2320,2025-12-06,Auto,332113,10.0,84,4550369,Self-Employed,745,34,Female,Single,West,Ahmedabad,Approved,No,4349.1,232479.1
L01321,C2321,2025-01-05,Personal,523842,12.5,60,4060234,Self-Employed,763,22,Male,Married,East,Kolkata,Approved,No,9822.04,327401.25
L01322,C2322,2025-09-20,Auto,1158166,10.2,84,1233078,Self-Employed,814,27,Male,Married,East,Patna,Approved,No,15194.03,826930.52
L01323,C2323,2025-02-26,Business,3873088,10.4,180,794881,Salaried,772,43,Male,Married,West,Pune,Approved,No,23754.94,6042017.28
L01324,C2324,2025-11-07,Business,2832311,11.4,180,1542212,Business Owner,646,59,Female,Married,South,Chennai,Rejected,No,17528.86,4843251.81
L01325,C2325,2025-01-16,Home,1923975,8.2,240,627270,Self-Employed,785,33,Female,Single,North,Jaipur,Approved,No,8673.92,3155319.0
L01326,C2326,2025-11-03,Business,3819983,12.8,180,1401021,Self-Employed,836,54,Male,Married,South,Chennai,Approved,No,23938.56,7334367.36
L01327,C2327,2025-09-19,Home,2058718,8.0,240,910589,Salaried,606,37,Female,Single,South,Hyderabad,Rejected,No,9264.23,3293948.8
L01328,C2328,2025-10-14,Auto,389131,9.3,84,1381231,Business Owner,740,22,Male,Single,West,Pune,Approved,No,5063.34,253324.28
L01329,C2329,2025-07-10,Personal,114408,13.0,60,1116604,Business Owner,656,57,Female,Married,North,Lucknow,Rejected,No,2154.68,74365.2
L01330,C2330,2025-07-13,Business,3028086,11.1,180,305559,Salaried,813,24,Female,Single,East,Kolkata,Approved,No,18690.02,5041763.19
L01331,C2331,2025-06-03,Personal,187025,12.7,60,2258976,Business Owner,715,56,Male,Married,West,Pune,Approved,No,3512.95,118760.88
L01332,C2332,2025-04-03,Home,1615587,8.8,240,4595204,Self-Employed,671,21,Female,Married,East,Kolkata,Pending,No,7323.99,2843433.12
L01333,C2333,2025-05-07,Personal,133459,12.3,60,2401616,Self-Employed,644,59,Male,Single,South,Hyderabad,Rejected,No,2497.91,82077.29
L01334,C2334,2025-04-20,Education,723226,7.7,96,2663814,Salaried,816,30,Female,Single,East,Bhubaneswar,Approved,No,8113.69,445507.22
L01335,C2335,2025-08-15,Personal,148329,11.7,60,992621,Salaried,682,27,Female,Single,East,Kolkata,Approved,No,2761.39,86772.46
L01336,C2336,2025-07-27,Personal,667881,13.4,60,1399091,Self-Employed,606,59,Male,Single,South,Hyderabad,Rejected,No,12622.95,447480.27
L01337,C2337,2025-07-03,Personal,226993,14.1,60,1358658,Salaried,809,32,Male,Married,North,Jaipur,Approved,No,4316.65,160030.07
L01338,C2338,2025-11-27,Business,3196882,11.5,180,708935,Salaried,627,32,Female,Single,West,Mumbai,Rejected,No,19802.91,5514621.45
L01339,C2339,2025-08-19,Personal,616139,11.0,60,1845230,Business Owner,815,60,Male,Married,North,Jaipur,Approved,No,11398.57,338876.45
L01340,C2340,2025-05-28,Auto,703775,8.7,84,2121965,Salaried,634,49,Male,Married,North,Jaipur,Rejected,No,9107.18,428598.97
L01341,C2341,2025-11-28,Personal,548694,13.6,60,1175855,Self-Employed,835,25,Male,Married,East,Bhubaneswar,Approved,No,10388.61,373111.92
L01342,C2342,2025-12-15,Home,1030452,7.8,240,2994019,Self-Employed,722,22,Female,Single,South,Hyderabad,Approved,No,4628.45,1607505.12
L01343,C2343,2025-09-22,Auto,1017179,8.6,84,2364222,Business Owner,634,39,Female,Single,West,Mumbai,Rejected,No,13150.67,612341.76
L01344,C2344,2025-10-03,Home,1438464,7.6,240,997314,Business Owner,673,30,Male,Married,South,Bengaluru,Approved,No,6449.11,2186465.28
L01345,C2345,2025-12-16,Auto,698447,9.6,84,3968789,Self-Employed,688,47,Female,Married,South,Chennai,Approved,No,9113.07,469356.38
L01346,C2346,2025-08-09,Business,912559,12.4,180,1469884,Self-Employed,610,35,Female,Married,East,Kolkata,Rejected,No,5698.42,1697359.74
L01347,C2347,2025-07-30,Personal,612763,12.5,60,2645873,Self-Employed,680,54,Female,Single,South,Bengaluru,Pending,No,11489.31,382976.88
L01348,C2348,2025-10-18,Personal,122733,13.3,60,2637754,Self-Employed,808,41,Female,Single,West,Mumbai,Approved,No,2317.61,81617.45
L01349,C2349,2025-10-27,Home,1330048,7.9,240,3837487,Salaried,796,37,Female,Married,North,Delhi,Approved,No,5979.67,2101475.84
L01350,C2350,2025-06-26,Business,3782380,12.4,180,1224819,Self-Employed,677,57,Female,Married,North,Delhi,Approved,No,23618.86,7035226.8
L01351,C2351,2025-03-15,Business,2424998,11.6,180,2743657,Salaried,778,33,Female,Married,East,Kolkata,Approved,No,15034.99,4219496.52
L01352,C2352,2025-09-24,Auto,719641,8.9,84,2956304,Self-Employed,616,33,Male,Married,North,Lucknow,Rejected,No,9329.63,448336.34
L01353,C2353,2025-04-15,Personal,406370,14.9,60,527051,Salaried,810,48,Female,Single,North,Delhi,Approved,No,7781.99,302745.65
L01354,C2354,2025-08-11,Personal,316893,14.7,60,4832007,Business Owner,754,29,Male,Single,North,Lucknow,Approved,No,6057.94,232916.35
L01355,C2355,2025-01-01,Business,1110570,12.8,180,736195,Salaried,629,27,Female,Single,West,Pune,Rejected,No,6959.57,2132294.4
L01356,C2356,2025-11-23,Education,427265,8.5,96,3193907,Salaried,801,24,Female,Married,West,Mumbai,Approved,No,4828.98,290540.2
L01357,C2357,2025-09-02,Home,2414647,9.2,240,3224025,Self-Employed,703,50,Female,Single,East,Kolkata,Approved,No,10986.64,4442950.48
L01358,C2358,2025-11-08,Home,2491629,8.4,240,400849,Salaried,626,30,Female,Married,North,Delhi,Rejected,No,11253.86,4185936.72
L01359,C2359,2025-08-05,Business,2528922,11.1,180,4987172,Salaried,765,26,Female,Single,West,Ahmedabad,Approved,No,15609.07,4210655.13
L01360,C2360,2025-04-17,Business,1170381,12.2,180,4673117,Self-Employed,651,33,Female,Single,West,Pune,Rejected,No,7295.37,2141797.23
L01361,C2361,2025-05-25,Auto,457235,10.5,84,3839841,Salaried,683,45,Female,Married,North,Lucknow,Approved,No,6014.82,336067.73
L01362,C2362,2025-01-03,Education,546293,8.0,96,3111451,Salaried,743,21,Male,Single,North,Jaipur,Approved,No,6145.8,349627.52
L01363,C2363,2025-06-13,Education,787386,8.5,96,1799627,Salaried,722,54,Female,Single,South,Chennai,Approved,No,8899.1,535422.48
L01364,C2364,2025-04-25,Personal,661167,11.0,60,337062,Business Owner,805,31,Female,Single,West,Mumbai,Pending,No,12231.59,363641.85
L01365,C2365,2025-11-05,Home,2902448,8.9,240,1313935,Salaried,824,21,Female,Married,West,Pune,Approved,No,13169.86,5166357.44
L01366,C2366,2025-12-21,Home,1968776,8.5,240,1487458,Business Owner,783,49,Female,Married,South,Chennai,Approved,No,8900.51,3346919.2
L01367,C2367,2025-12-15,Business,2029933,11.2,180,4282380,Self-Employed,627,54,Male,Married,West,Mumbai,Rejected,No,12540.47,3410287.44
L01368,C2368,2025-12-22,Home,2337822,9.5,240,446510,Salaried,757,29,Male,Married,East,Bhubaneswar,Approved,No,10666.31,4441861.8
L01369,C2369,2025-02-12,Business,2017691,11.3,180,411444,Self-Employed,717,23,Male,Married,East,Kolkata,Approved,No,12476.06,3419986.25
L01370,C2370,2025-06-22,Personal,520820,12.9,60,3815321,Business Owner,602,50,Male,Married,North,Jaipur,Rejected,No,9800.1,335928.9
L01371,C2371,2025-05-05,Business,2002217,11.7,180,4497606,Business Owner,782,53,Female,Single,East,Bhubaneswar,Approved,No,12424.87,3513890.83
L01372,C2372,2025-05-16,Personal,527471,13.2,60,1606662,Business Owner,605,31,Female,Married,East,Patna,Rejected,No,9951.62,348130.86
L01373,C2373,2025-10-14,Home,1392446,7.7,240,588422,Self-Employed,776,38,Male,Married,East,Kolkata,Approved,No,6248.6,2144366.84
L01374,C2374,2025-04-13,Education,407772,7.4,96,2002201,Salaried,786,26,Male,Married,West,Mumbai,Approved,No,4561.95,241401.02
L01375,C2375,2025-01-23,Home,1784806,7.7,240,4715120,Salaried,810,54,Male,Single,North,Lucknow,Approved,No,8009.32,2748601.24
L01376,C2376,2025-05-05,Auto,1016117,8.9,84,4861348,Self-Employed,825,46,Male,Married,East,Kolkata,Approved,No,13173.23,633040.89
L01377,C2377,2025-06-27,Personal,417823,14.4,60,3899462,Business Owner,733,35,Male,Married,North,Delhi,Approved,No,7966.49,300832.56
L01378,C2378,2025-10-13,Business,535093,11.8,180,2079147,Business Owner,772,28,Female,Married,North,Jaipur,Approved,No,3323.52,947114.61
L01379,C2379,2025-03-06,Personal,525235,13.0,60,4279310,Business Owner,704,54,Male,Single,West,Ahmedabad,Pending,No,9891.93,341402.75
L01380,C2380,2025-08-16,Business,603074,11.2,180,4712110,Business Owner,831,53,Male,Married,South,Bengaluru,Approved,No,3725.66,1013164.32
L01381,C2381,2025-01-01,Education,377217,8.4,96,1018276,Self-Employed,843,39,Male,Single,West,Ahmedabad,Approved,No,4259.41,253489.82
L01382,C2382,2025-04-07,Auto,787433,9.5,84,3163857,Business Owner,759,44,Male,Single,North,Delhi,Approved,No,10264.75,523642.94
L01383,C2383,2025-06-30,Auto,1118632,9.6,84,1346885,Self-Employed,797,43,Male,Single,North,Delhi,Approved,No,14595.48,751720.7
L01384,C2384,2025-09-25,Home,2597387,7.5,240,2886793,Self-Employed,734,56,Female,Single,North,Lucknow,Approved,No,11634.13,3896080.5
L01385,C2385,2025-11-17,Personal,229489,13.6,60,439756,Salaried,798,52,Female,Married,West,Mumbai,Pending,No,4344.99,156052.52
L01386,C2386,2025-01-22,Business,1179690,12.5,180,3190962,Salaried,638,52,Male,Married,North,Jaipur,Rejected,No,7373.06,2211918.75
L01387,C2387,2025-06-17,Personal,481136,11.1,60,3528730,Self-Employed,766,26,Female,Single,South,Bengaluru,Approved,No,8909.03,267030.48
L01388,C2388,2025-06-05,Business,3344951,11.1,180,3382633,Self-Employed,830,44,Male,Single,West,Ahmedabad,Approved,No,20645.78,5569343.42
L01389,C2389,2025-10-15,Home,2599932,9.4,240,2654576,Business Owner,697,35,Female,Single,East,Patna,Pending,No,11851.36,4887872.16
L01390,C2390,2025-01-03,Education,742727,7.9,96,2110549,Business Owner,711,59,Female,Married,South,Bengaluru,Pending,No,8347.94,469403.46
L01391,C2391,2025-01-31,Education,651541,8.4,96,2132433,Self-Employed,768,23,Male,Single,South,Hyderabad,Approved,No,7356.98,437835.55
L01392,C2392,2025-03-14,Personal,305679,13.0,60,368707,Business Owner,613,41,Female,Single,West,Pune,Rejected,No,5756.95,198691.35
L01393,C2393,2025-06-25,Business,1077586,10.1,180,539724,Salaried,616,32,Male,Single,North,Delhi,Rejected,No,6591.23,1632542.79
L01394,C2394,2025-02-21,Personal,334668,11.3,60,842996,Salaried,635,30,Male,Single,South,Bengaluru,Rejected,No,6208.09,189087.42
L01395,C2395,2025-12-21,Personal,256224,13.7,60,3664712,Salaried,691,54,Female,Single,North,Jaipur,Approved,No,4855.44,175513.44
L01396,C2396,2025-11-17,Personal,184145,14.3,60,4947349,Salaried,783,58,Male,Single,South,Hyderabad,Approved,No,3507.96,131663.67
L01397,C2397,2025-08-01,Education,430602,7.9,96,2853797,Self-Employed,688,33,Male,Single,North,Delhi,Approved,No,4839.79,272140.46
L01398,C2398,2025-05-12,Home,1164354,9.4,240,1477737,Salaried,816,32,Female,Married,East,Bhubaneswar,Approved,No,5307.51,2188985.52
L01399,C2399,2025-05-01,Home,2654198,8.3,240,4587954,Business Owner,849,59,Female,Married,East,Patna,Approved,No,11977.07,4405968.68
L01400,C2400,2025-02-21,Education,545956,8.4,96,797581,Salaried,679,34,Female,Married,West,Ahmedabad,Approved,No,6164.75,366882.43
L01401,C2401,2025-12-14,Business,3258051,11.8,180,3186992,Salaried,817,56,Male,Married,North,Jaipur,Approved,No,20236.12,5766750.27
L01402,C2402,2025-01-13,Auto,689111,8.6,84,1411613,Business Owner,720,39,Female,Married,North,Delhi,Approved,No,8909.22,414844.82
L01403,C2403,2025-03-02,Personal,188663,13.3,60,2809490,Business Owner,663,27,Female,Married,North,Lucknow,Pending,No,3562.59,125460.9
L01404,C2404,2025-08-07,Business,3037372,12.7,180,1262108,Salaried,842,60,Male,Married,West,Mumbai,Approved,No,19017.32,5786193.66
L01405,C2405,2025-09-05,Business,2990174,10.2,180,1605433,Salaried,640,22,Female,Married,West,Mumbai,Rejected,No,18306.51,4574966.22
L01406,C2406,2025-04-01,Home,2024810,9.2,240,4008359,Salaried,764,29,Female,Married,West,Pune,Approved,No,9212.89,3725650.4
L01407,C2407,2025-05-20,Business,3623817,10.9,180,587017,Salaried,827,59,Male,Single,West,Ahmedabad,Approved,No,22326.74,5924940.8
L01408,C2408,2025-02-06,Education,353297,7.2,96,3219115,Salaried,676,41,Male,Married,West,Ahmedabad,Approved,No,3945.15,203499.07
L01409,C2409,2025-10-09,Education,203063,8.6,96,804209,Business Owner,625,33,Male,Single,South,Bengaluru,Rejected,No,2297.15,139707.34
L01410,C2410,2025-09-19,Education,792802,8.5,96,2164482,Business Owner,706,40,Female,Single,North,Lucknow,Pending,No,8960.31,539105.36
L01411,C2411,2025-05-18,Home,2283056,9.1,240,658543,Business Owner,605,44,Male,Single,West,Mumbai,Rejected,No,10378.39,4155161.92
L01412,C2412,2025-11-07,Personal,184413,12.5,60,4148507,Self-Employed,601,30,Female,Single,North,Delhi,Rejected,No,3457.74,115258.12
L01413,C2413,2025-03-14,Home,2594264,8.4,240,1860821,Self-Employed,716,36,Female,Single,East,Bhubaneswar,Pending,No,11717.43,4358363.52
L01414,C2414,2025-09-02,Education,226486,8.1,96,3501787,Business Owner,836,39,Male,Married,North,Delhi,Approved,No,2550.33,146762.93
L01415,C2415,2025-02-26,Auto,611552,10.0,84,3494220,Salaried,846,50,Female,Married,South,Chennai,Approved,No,8008.42,428086.4
L01416,C2416,2025-01-14,Home,2039507,9.5,240,3442316,Self-Employed,647,45,Female,Single,East,Kolkata,Rejected,No,9305.25,3875063.3
L01417,C2417,2025-11-05,Business,1407859,10.7,180,4352001,Business Owner,837,35,Female,Married,West,Ahmedabad,Approved,No,8658.33,2259613.69
L01418,C2418,2025-05-16,Business,3769310,10.2,180,1819386,Salaried,791,45,Male,Married,North,Jaipur,Approved,No,23076.55,5767044.3
L01419,C2419,2025-07-25,Education,703121,7.9,96,1728906,Business Owner,632,24,Female,Single,North,Lucknow,Rejected,No,7902.79,444372.47
L01420,C2420,2025-03-11,Business,3992306,11.3,180,4667442,Salaried,767,52,Male,Married,West,Ahmedabad,Approved,No,24685.76,6766958.67
L01421,C2421,2025-09-10,Education,299531,8.8,96,3116488,Salaried,706,41,Female,Married,East,Patna,Approved,No,3394.68,210869.82
L01422,C2422,2025-11-08,Personal,570424,13.4,60,1089522,Self-Employed,643,34,Female,Married,North,Jaipur,Rejected,No,10781.01,382184.08
L01423,C2423,2025-09-10,Personal,149661,12.7,60,4708680,Self-Employed,818,33,Male,Married,North,Lucknow,Approved,No,2811.13,95034.74
L01424,C2424,2025-01-24,Personal,180616,14.0,60,3836567,Self-Employed,835,59,Male,Married,West,Mumbai,Approved,No,3431.7,126431.2
L01425,C2425,2025-11-03,Personal,627981,11.9,60,3296890,Business Owner,791,56,Male,Married,West,Ahmedabad,Approved,No,11711.85,373648.7
L01426,C2426,2025-02-04,Personal,559218,12.3,60,1592912,Business Owner,637,37,Female,Single,West,Pune,Rejected,No,10466.7,343919.07
L01427,C2427,2025-06-12,Personal,514360,11.8,60,1875964,Salaried,703,27,Female,Single,South,Chennai,Pending,No,9584.24,303472.4
L01428,C2428,2025-07-05,Business,3007421,11.9,180,2333075,Business Owner,602,55,Female,Married,South,Chennai,Rejected,No,18696.13,5368246.48
L01429,C2429,2025-04-16,Home,1251353,8.8,240,1775069,Salaried,779,60,Female,Married,East,Patna,Approved,No,5672.8,2202381.28
L01430,C2430,2025-03-29,Home,1370783,9.4,240,4311592,Business Owner,777,38,Male,Married,West,Pune,Approved,No,6248.49,2577072.04
L01431,C2431,2025-06-01,Personal,115116,12.1,60,1850445,Business Owner,787,38,Male,Married,North,Jaipur,Approved,No,2150.75,69645.18
L01432,C2432,2025-08-07,Auto,1031598,10.4,84,2352279,Business Owner,806,25,Female,Single,South,Hyderabad,Approved,No,13558.15,751003.34
L01433,C2433,2025-11-22,Business,2576150,10.2,180,2690813,Salaried,626,40,Female,Married,East,Kolkata,Rejected,No,15771.76,3941509.5
L01434,C2434,2025-10-31,Personal,128480,14.0,60,3534173,Salaried,820,23,Male,Married,North,Lucknow,Approved,No,2441.12,89936.0
L01435,C2435,2025-02-03,Education,376035,8.1,96,3930440,Business Owner,749,55,Male,Married,West,Pune,Approved,No,4234.31,243670.68
L01436,C2436,2025-06-03,Personal,545267,11.8,60,2652523,Business Owner,767,54,Male,Married,South,Bengaluru,Approved,No,10160.14,321707.53
L01437,C2437,2025-10-15,Education,466759,7.6,96,3411561,Salaried,626,45,Male,Single,East,Kolkata,Rejected,No,5231.59,283789.47
L01438,C2438,2025-11-15,Education,222763,8.8,96,2556439,Self-Employed,652,59,Female,Single,East,Kolkata,Rejected,No,2524.65,156825.15
L01439,C2439,2025-03-05,Business,1688578,12.5,180,3881264,Business Owner,806,54,Male,Married,North,Delhi,Approved,No,10553.61,3166083.75
L01440,C2440,2025-09-22,Business,2808875,13.0,180,3153997,Self-Employed,670,48,Female,Single,North,Lucknow,Pending,No,17633.49,5477306.25
L01441,C2441,2025-09-26,Education,253991,7.2,96,1193317,Self-Employed,717,49,Male,Single,West,Mumbai,Approved,No,2836.23,146298.82
L01442,C2442,2025-05-14,Auto,984320,10.4,84,3813411,Business Owner,710,32,Male,Single,West,Pune,Pending,No,12936.78,716584.96
L01443,C2443,2025-10-23,Business,1874331,10.0,180,3948518,Salaried,747,52,Female,Single,South,Bengaluru,Approved,No,11454.25,2811496.5
L01444,C2444,2025-06-19,Auto,794538,8.7,84,1792733,Salaried,803,36,Female,Single,North,Delhi,Approved,No,10281.7,483873.64
L01445,C2445,2025-07-28,Personal,531250,14.0,60,3457405,Business Owner,823,24,Female,Married,West,Ahmedabad,Approved,No,10093.75,371875.0
L01446,C2446,2025-11-29,Auto,1107173,9.7,84,2151656,Salaried,604,21,Female,Single,East,Patna,Rejected,No,14459.15,751770.47
L01447,C2447,2025-04-21,Education,697914,7.1,96,4155961,Self-Employed,689,40,Female,Married,South,Hyderabad,Pending,No,7786.1,396415.15
L01448,C2448,2025-09-02,Business,1475717,10.5,180,3466866,Business Owner,791,24,Female,Married,East,Bhubaneswar,Approved,No,9059.26,2324254.27
L01449,C2449,2025-06-10,Auto,783971,9.3,84,2648310,Business Owner,821,23,Female,Single,North,Jaipur,Approved,No,10200.96,510365.12
L01450,C2450,2025-05-10,Auto,551057,9.2,84,2586860,Salaried,775,36,Female,Single,East,Bhubaneswar,Approved,No,7163.74,354880.71
L01451,C2451,2025-08-30,Business,1612071,11.1,180,4287271,Salaried,672,34,Male,Married,West,Pune,Approved,Yes,9950.06,2684098.21
L01452,C2452,2025-05-06,Home,940497,8.2,240,2630046,Business Owner,789,42,Female,Single,North,Lucknow,Approved,No,4240.07,1542415.08
L01453,C2453,2025-02-10,Personal,114133,13.3,60,1980110,Salaried,821,24,Male,Single,South,Bengaluru,Approved,No,2155.21,75898.45
L01454,C2454,2025-08-18,Home,2904971,9.5,240,959884,Self-Employed,753,46,Female,Married,East,Bhubaneswar,Approved,No,13253.93,5519444.9
L01455,C2455,2025-10-08,Auto,835535,9.9,84,4245865,Salaried,714,60,Male,Single,East,Patna,Pending,No,10931.58,579025.76
L01456,C2456,2025-12-27,Education,271092,7.0,96,3178076,Salaried,850,52,Female,Single,South,Bengaluru,Approved,No,3021.55,151811.52
L01457,C2457,2025-09-30,Auto,861019,8.6,84,4336419,Self-Employed,774,45,Male,Single,North,Jaipur,Approved,No,11131.75,518333.44
L01458,C2458,2025-06-17,Education,724647,8.7,96,2343766,Business Owner,654,37,Female,Married,West,Pune,Rejected,No,8205.12,504354.31
L01459,C2459,2025-07-31,Personal,474707,14.4,60,2195239,Self-Employed,800,52,Female,Single,North,Lucknow,Approved,No,9051.08,341789.04
L01460,C2460,2025-06-12,Home,2337081,7.8,240,2007549,Business Owner,835,26,Female,Married,North,Delhi,Approved,No,10497.39,3645846.36
L01461,C2461,2025-10-11,Personal,647896,11.7,60,1297635,Self-Employed,725,42,Female,Married,East,Patna,Approved,No,12061.66,379019.16
L01462,C2462,2025-01-29,Auto,916139,8.7,84,1791616,Salaried,655,55,Male,Single,West,Pune,Rejected,No,11855.27,557928.65
L01463,C2463,2025-10-28,Auto,464611,9.0,84,1366487,Business Owner,780,27,Male,Married,West,Mumbai,Approved,No,6028.88,292704.93
L01464,C2464,2025-06-14,Education,621084,7.7,96,1920611,Salaried,675,23,Male,Married,East,Kolkata,Approved,No,6967.79,382587.74
L01465,C2465,2025-06-13,Home,1168892,8.7,240,4073030,Self-Employed,712,47,Female,Married,East,Bhubaneswar,Pending,No,5294.11,2033872.08
L01466,C2466,2025-08-02,Auto,919721,10.3,84,1303943,Self-Employed,800,26,Male,Married,East,Bhubaneswar,Approved,No,12076.81,663118.84
L01467,C2467,2025-08-02,Education,752008,7.2,96,3492162,Business Owner,776,29,Male,Married,West,Mumbai,Approved,No,8397.42,433156.61
L01468,C2468,2025-02-14,Education,599988,8.1,96,1730251,Business Owner,766,21,Male,Single,West,Pune,Approved,No,6756.11,388792.22
L01469,C2469,2025-05-17,Auto,957768,8.6,84,4429515,Business Owner,633,42,Female,Married,South,Chennai,Rejected,No,12382.57,576576.34
L01470,C2470,2025-09-20,Business,1107117,10.6,180,4184601,Business Owner,840,22,Male,Single,East,Kolkata,Approved,No,6802.62,1760316.03
L01471,C2471,2025-07-24,Home,920292,7.5,240,2716222,Business Owner,741,59,Female,Married,North,Jaipur,Approved,No,4122.14,1380438.0
L01472,C2472,2025-03-10,Home,2918372,7.9,240,4516755,Salaried,848,53,Female,Single,North,Jaipur,Approved,No,13120.51,4611027.76
L01473,C2473,2025-02-20,Education,255015,8.2,96,2293594,Business Owner,618,33,Female,Married,West,Pune,Rejected,No,2874.23,167289.84
L01474,C2474,2025-09-24,Business,834040,10.6,180,2624434,Business Owner,770,41,Male,Married,East,Bhubaneswar,Approved,No,5124.71,1326123.6
L01475,C2475,2025-08-31,Home,2727708,8.0,240,1323705,Salaried,666,24,Female,Married,East,Bhubaneswar,Pending,No,12274.69,4364332.8
L01476,C2476,2025-12-19,Education,742184,8.7,96,4439143,Business Owner,602,30,Male,Single,South,Hyderabad,Rejected,No,8403.69,516560.06
L01477,C2477,2025-06-25,Business,3688243,10.7,180,1682020,Self-Employed,783,55,Female,Single,South,Chennai,Approved,No,22682.69,5919630.01
L01478,C2478,2025-06-21,Education,778461,7.7,96,4514284,Salaried,604,26,Male,Single,West,Pune,Rejected,No,8733.36,479531.98
L01479,C2479,2025-05-22,Education,545771,8.1,96,3004296,Salaried,829,25,Female,Single,South,Chennai,Approved,No,6145.61,353659.61
L01480,C2480,2025-02-06,Education,323539,7.8,96,3011454,Self-Employed,794,48,Female,Married,South,Bengaluru,Approved,No,3633.07,201888.34
L01481,C2481,2025-02-13,Business,3892956,11.5,180,3879988,Business Owner,660,41,Female,Married,West,Pune,Approved,No,24114.7,6715349.1
L01482,C2482,2025-11-18,Personal,420140,11.2,60,1359084,Business Owner,734,37,Female,Married,South,Bengaluru,Approved,No,7786.59,235278.4
L01483,C2483,2025-09-27,Business,3828741,10.2,180,581740,Self-Employed,670,46,Female,Married,North,Lucknow,Approved,No,23440.4,5857973.73
L01484,C2484,2025-11-21,Auto,556951,9.5,84,2586446,Business Owner,706,29,Female,Married,East,Bhubaneswar,Pending,No,7260.25,370372.42
L01485,C2485,2025-09-14,Auto,901238,9.6,84,2029816,Self-Employed,701,23,Male,Married,North,Lucknow,Approved,No,11759.01,605631.94
L01486,C2486,2025-04-22,Personal,456708,11.7,60,4973149,Business Owner,662,44,Female,Single,East,Bhubaneswar,Pending,No,8502.38,267174.18
L01487,C2487,2025-08-22,Education,560074,8.9,96,321203,Self-Employed,714,44,Female,Married,East,Bhubaneswar,Approved,No,6353.34,398772.69
L01488,C2488,2025-12-11,Auto,1118678,10.3,84,2807651,Salaried,624,54,Female,Single,South,Hyderabad,Rejected,No,14689.31,806566.84
L01489,C2489,2025-11-23,Education,238483,7.5,96,3943785,Self-Employed,689,35,Female,Single,East,Bhubaneswar,Approved,No,2670.51,143089.8
L01490,C2490,2025-05-04,Auto,1061186,8.6,84,3743751,Self-Employed,804,28,Female,Married,West,Mumbai,Approved,No,13719.62,638833.97
L01491,C2491,2025-11-11,Education,315122,8.7,96,4214302,Self-Employed,631,36,Male,Single,East,Patna,Rejected,No,3568.1,219324.91
L01492,C2492,2025-06-08,Personal,520783,13.5,60,3256125,Salaried,841,46,Female,Single,West,Mumbai,Approved,No,9851.48,351528.53
L01493,C2493,2025-06-26,Business,1106359,10.1,180,2934642,Self-Employed,638,59,Female,Single,West,Mumbai,Rejected,No,6767.23,1676133.89
L01494,C2494,2025-08-16,Home,985855,8.8,240,3729130,Salaried,703,40,Male,Single,East,Patna,Pending,No,4469.21,1735104.8
L01495,C2495,2025-06-28,Education,716633,8.9,96,4029477,Business Owner,762,41,Female,Married,North,Jaipur,Approved,No,8129.31,510242.7
L01496,C2496,2025-12-14,Auto,428619,8.7,84,3427804,Salaried,782,23,Male,Single,South,Bengaluru,Approved,No,5546.53,261028.97
L01497,C2497,2025-02-26,Education,653484,7.8,96,2562494,Business Owner,747,44,Male,Single,North,Jaipur,Approved,No,7338.08,407774.02
L01498,C2498,2025-10-01,Personal,473341,11.5,60,3260680,Business Owner,650,34,Female,Married,West,Pune,Rejected,No,8796.25,272171.07
L01499,C2499,2025-06-08,Auto,307656,10.3,84,1193139,Business Owner,792,35,Female,Single,South,Chennai,Approved,No,4039.82,221819.98
L01500,C2500,2025-12-11,Education,745427,8.3,96,3773272,Business Owner,713,35,Female,Single,South,Bengaluru,Pending,No,8409.35,494963.53
L01501,C2501,2025-05-16,Personal,290290,14.2,60,3570147,Business Owner,811,25,Male,Single,East,Patna,Approved,No,5525.19,206105.9
L01502,C2502,2025-02-12,Home,1329555,7.7,240,1042061,Salaried,807,58,Female,Married,West,Ahmedabad,Approved,No,5966.38,2047514.7
L01503,C2503,2025-05-27,Auto,576935,8.9,84,3607749,Salaried,850,28,Male,Single,East,Patna,Approved,No,7479.55,359430.51
L01504,C2504,2025-04-21,Education,554552,8.1,96,4076093,Self-Employed,648,48,Female,Married,North,Delhi,Rejected,No,6244.49,359349.7
L01505,C2505,2025-02-26,Home,1364465,8.8,240,2482470,Salaried,697,49,Male,Married,East,Bhubaneswar,Approved,No,6185.57,2401458.4
L01506,C2506,2025-08-11,Personal,591481,13.6,60,313584,Salaried,730,55,Male,Single,West,Mumbai,Pending,No,11198.71,402207.08
L01507,C2507,2025-09-26,Business,2266086,10.6,180,3430431,Business Owner,600,46,Male,Single,West,Mumbai,Rejected,No,13923.84,3603076.74
L01508,C2508,2025-06-02,Education,369696,7.5,96,2165377,Salaried,611,58,Male,Single,North,Lucknow,Rejected,No,4139.82,221817.6
L01509,C2509,2025-06-22,Personal,134802,11.9,60,471405,Business Owner,699,28,Female,Married,North,Jaipur,Approved,No,2514.06,80207.19
L01510,C2510,2025-06-20,Home,1218763,8.7,240,3435357,Salaried,743,25,Male,Single,North,Lucknow,Approved,No,5519.98,2120647.62
L01511,C2511,2025-05-22,Personal,544012,12.8,60,3668270,Business Owner,803,21,Male,Married,South,Bengaluru,Approved,No,10227.43,348167.68
L01512,C2512,2025-09-03,Business,3971021,11.1,180,2236010,Self-Employed,793,42,Female,Single,South,Bengaluru,Approved,No,24510.02,6611749.96
L01513,C2513,2025-10-20,Auto,385445,8.8,84,1324397,Self-Employed,606,44,Female,Married,South,Hyderabad,Rejected,No,4992.43,237434.12
L01514,C2514,2025-06-05,Business,2567557,11.0,180,4106715,Salaried,625,29,Female,Single,South,Bengaluru,Rejected,No,15833.27,4236469.05
L01515,C2515,2025-08-23,Home,1772487,7.9,240,3589679,Self-Employed,664,48,Male,Married,North,Jaipur,Pending,No,7968.81,2800529.46
L01516,C2516,2025-08-20,Personal,183916,11.7,60,2901844,Self-Employed,683,52,Female,Single,West,Pune,Pending,No,3423.9,107590.86
L01517,C2517,2025-03-25,Auto,618211,10.5,84,4853715,Self-Employed,671,24,Female,Single,North,Delhi,Pending,No,8132.42,454385.08
L01518,C2518,2025-08-25,Education,695616,8.5,96,1284545,Salaried,626,53,Female,Married,East,Bhubaneswar,Rejected,No,7861.91,473018.88
L01519,C2519,2025-08-02,Business,1917059,11.8,180,2062348,Salaried,675,48,Female,Married,South,Bengaluru,Pending,No,11907.07,3393194.43
L01520,C2520,2025-07-11,Personal,135410,12.8,60,4657067,Self-Employed,633,23,Male,Single,West,Mumbai,Rejected,No,2545.71,86662.4
L01521,C2521,2025-03-08,Personal,173147,15.0,60,4469158,Business Owner,719,59,Female,Married,South,Bengaluru,Approved,No,3318.65,129860.25
L01522,C2522,2025-10-29,Home,1504329,7.9,240,3713044,Salaried,738,37,Female,Single,South,Hyderabad,Approved,No,6763.21,2376839.82
L01523,C2523,2025-06-15,Home,1884605,8.7,240,3469600,Salaried,744,59,Female,Married,North,Jaipur,Approved,No,8535.69,3279212.7
L01524,C2524,2025-06-24,Auto,1123624,9.6,84,2333734,Salaried,723,27,Male,Married,South,Hyderabad,Approved,No,14660.62,755075.33
L01525,C2525,2025-06-20,Auto,855123,10.0,84,3236543,Salaried,846,51,Female,Single,East,Kolkata,Approved,No,11198.04,598586.1
L01526,C2526,2025-06-16,Personal,178811,13.9,60,652684,Business Owner,658,46,Female,Married,West,Mumbai,Rejected,No,3394.43,124273.64
L01527,C2527,2025-07-05,Education,721208,7.3,96,4699686,Self-Employed,798,32,Male,Single,South,Hyderabad,Approved,No,8061.0,421185.47
L01528,C2528,2025-09-27,Auto,504155,8.5,84,1263475,Self-Employed,709,40,Female,Married,West,Pune,Approved,No,6512.0,299972.23
L01529,C2529,2025-03-12,Personal,478381,13.0,60,1635557,Business Owner,787,25,Male,Single,South,Chennai,Approved,No,9009.51,310947.65
L01530,C2530,2025-07-23,Personal,279429,14.3,60,4213013,Salaried,681,51,Female,Single,West,Pune,Approved,No,5323.12,199791.74
L01531,C2531,2025-05-13,Home,2869516,8.3,240,3424446,Self-Employed,729,49,Male,Married,South,Chennai,Approved,No,12948.69,4763396.56
L01532,C2532,2025-12-09,Education,304567,8.1,96,933149,Salaried,668,22,Male,Single,South,Bengaluru,Pending,No,3429.55,197359.42
L01533,C2533,2025-05-18,Personal,232464,11.0,60,687722,Business Owner,630,33,Female,Single,North,Lucknow,Rejected,No,4300.58,127855.2
L01534,C2534,2025-03-26,Home,2360088,8.4,240,3182921,Salaried,737,50,Female,Single,South,Hyderabad,Approved,No,10659.73,3964947.84
L01535,C2535,2025-10-07,Home,1569732,8.7,240,2898564,Salaried,834,25,Male,Single,East,Patna,Approved,No,7109.58,2731333.68
L01536,C2536,2025-06-25,Education,683485,8.3,96,2276644,Self-Employed,794,60,Female,Single,West,Ahmedabad,Approved,No,7710.57,453834.04
L01537,C2537,2025-10-20,Education,522316,8.7,96,3335863,Salaried,721,35,Female,Married,South,Hyderabad,Approved,No,5914.14,363531.94
L01538,C2538,2025-09-02,Auto,956916,8.6,84,4250198,Self-Employed,748,29,Female,Married,East,Kolkata,Approved,No,12371.56,576063.43
L01539,C2539,2025-11-19,Personal,331550,13.9,60,1356048,Salaried,693,27,Female,Married,West,Pune,Pending,No,6293.92,230427.25
L01540,C2540,2025-01-07,Home,2729861,8.1,240,1253355,Salaried,792,25,Female,Married,West,Mumbai,Approved,No,12295.75,4422374.82
L01541,C2541,2025-06-15,Auto,1140042,9.0,84,4724891,Business Owner,788,47,Female,Single,South,Chennai,Approved,No,14793.4,718226.46
L01542,C2542,2025-06-16,Auto,477010,9.1,84,2390410,Salaried,820,23,Male,Married,West,Mumbai,Approved,No,6195.45,303855.37
L01543,C2543,2025-05-14,Home,2060866,8.1,240,766424,Business Owner,710,24,Female,Married,North,Lucknow,Pending,No,9282.48,3338602.92
L01544,C2544,2025-04-11,Education,264136,8.9,96,4433145,Self-Employed,753,35,Female,Married,South,Chennai,Approved,No,2996.29,188064.83
L01545,C2545,2025-02-20,Personal,685038,14.3,60,1837000,Salaried,802,36,Male,Single,East,Bhubaneswar,Approved,No,13049.97,489802.17
L01546,C2546,2025-01-12,Auto,489570,8.8,84,2385006,Business Owner,761,57,Female,Married,South,Bengaluru,Approved,No,6341.1,301575.12
L01547,C2547,2025-12-29,Home,2254755,7.6,240,2327757,Salaried,658,44,Female,Single,West,Mumbai,Rejected,No,10108.82,3427227.6
L01548,C2548,2025-07-10,Business,1646650,11.2,180,2537855,Salaried,762,29,Female,Married,West,Mumbai,Approved,No,10172.64,2766372.0
L01549,C2549,2025-02-05,Business,1546337,12.2,180,932230,Business Owner,750,51,Male,Single,North,Jaipur,Approved,No,9638.83,2829796.71
L01550,C2550,2025-08-09,Auto,753239,8.8,84,4462239,Salaried,843,47,Male,Married,West,Pune,Approved,No,9756.24,463995.22
L01551,C2551,2025-09-14,Education,200813,7.3,96,2291845,Self-Employed,680,47,Female,Single,East,Patna,Pending,No,2244.5,117274.79
L01552,C2552,2025-01-26,Personal,139785,13.9,60,2110025,Business Owner,777,34,Male,Single,North,Jaipur,Approved,No,2653.59,97150.58
L01553,C2553,2025-10-02,Business,3852291,11.7,180,2037482,Business Owner,609,43,Male,Single,North,Lucknow,Rejected,No,23905.61,6760770.7
L01554,C2554,2025-09-26,Home,947574,9.5,240,3240352,Salaried,760,21,Female,Married,West,Ahmedabad,Approved,No,4323.31,1800390.6
L01555,C2555,2025-12-31,Home,2017955,7.9,240,4947085,Salaried,628,55,Male,Married,West,Mumbai,Rejected,No,9072.39,3188368.9
L01556,C2556,2025-07-18,Education,467704,7.9,96,4665673,Self-Employed,794,37,Male,Single,West,Ahmedabad,Approved,No,5256.8,295588.93
L01557,C2557,2025-07-25,Business,786798,10.3,180,3805232,Salaried,715,40,Male,Married,West,Ahmedabad,Pending,No,4821.32,1215602.91
L01558,C2558,2025-05-03,Education,233944,7.7,96,2057489,Self-Employed,750,51,Female,Married,North,Lucknow,Approved,No,2624.56,144109.5
L01559,C2559,2025-01-07,Personal,213524,13.2,60,1134009,Salaried,696,30,Female,Married,North,Lucknow,Approved,No,4028.49,140925.84
L01560,C2560,2025-10-18,Auto,360611,10.5,84,3127088,Self-Employed,682,46,Female,Married,South,Bengaluru,Approved,No,4743.75,265049.08
L01561,C2561,2025-05-30,Auto,313830,9.8,84,3466754,Salaried,624,41,Male,Single,West,Mumbai,Rejected,No,4102.21,215287.38
L01562,C2562,2025-04-10,Education,632827,8.0,96,2631862,Self-Employed,627,27,Female,Married,South,Chennai,Rejected,No,7119.3,405009.28
L01563,C2563,2025-07-10,Personal,104380,12.1,60,4094516,Self-Employed,799,50,Female,Married,South,Bengaluru,Approved,No,1950.17,63149.9
L01564,C2564,2025-02-05,Home,982367,9.2,240,3395082,Self-Employed,732,46,Female,Married,South,Bengaluru,Approved,No,4469.77,1807555.28
L01565,C2565,2025-07-20,Personal,135279,11.6,60,1366105,Business Owner,724,41,Female,Single,North,Delhi,Approved,No,2516.19,78461.82
L01566,C2566,2025-05-01,Home,1888512,8.6,240,1514231,Self-Employed,640,25,Female,Single,East,Kolkata,Rejected,No,8545.52,3248240.64
L01567,C2567,2025-05-08,Home,932398,8.8,240,1221713,Business Owner,833,57,Female,Married,North,Delhi,Approved,No,4226.87,1641020.48
L01568,C2568,2025-12-03,Home,1188035,9.1,240,2512027,Business Owner,716,59,Male,Single,West,Mumbai,Pending,No,5400.61,2162223.7
L01569,C2569,2025-10-15,Business,1714108,10.8,180,4932286,Business Owner,771,27,Female,Married,West,Pune,Approved,No,10551.29,2776854.96
L01570,C2570,2025-07-17,Personal,424762,14.0,60,1613424,Self-Employed,680,27,Female,Single,East,Kolkata,Approved,No,8070.48,297333.4
L01571,C2571,2025-08-30,Home,1901743,8.0,240,1960378,Business Owner,626,38,Male,Single,South,Chennai,Rejected,No,8557.84,3042788.8
L01572,C2572,2025-11-11,Personal,571625,11.9,60,2101827,Self-Employed,819,26,Male,Single,East,Kolkata,Approved,No,10660.81,340116.88
L01573,C2573,2025-07-23,Home,1740142,8.0,240,3532200,Salaried,604,26,Male,Married,East,Kolkata,Rejected,No,7830.64,2784227.2
L01574,C2574,2025-08-14,Business,1738673,11.2,180,3706163,Self-Employed,764,54,Female,Single,North,Lucknow,Approved,No,10741.14,2920970.64
L01575,C2575,2025-01-28,Education,741866,8.6,96,4652222,Self-Employed,751,50,Male,Married,East,Patna,Approved,No,8392.36,510403.81
L01576,C2576,2025-01-27,Personal,138768,11.4,60,4330487,Salaried,680,38,Male,Married,West,Pune,Pending,No,2576.46,79097.76
L01577,C2577,2025-07-28,Auto,1190459,9.8,84,2763941,Business Owner,622,42,Female,Married,North,Jaipur,Rejected,No,15561.0,816654.87
L01578,C2578,2025-10-27,Home,911206,8.0,240,4326908,Business Owner,798,32,Female,Single,South,Hyderabad,Approved,No,4100.43,1457929.6
L01579,C2579,2025-12-22,Education,678530,8.7,96,1236740,Salaried,845,38,Female,Married,East,Kolkata,Approved,No,7682.94,472256.88
L01580,C2580,2025-12-26,Business,1882314,12.0,180,3227590,Salaried,816,36,Female,Married,South,Hyderabad,Approved,No,11712.18,3388165.2
L01581,C2581,2025-03-02,Business,2305316,10.3,180,3575893,Business Owner,712,28,Female,Married,North,Jaipur,Approved,No,14126.46,3561713.22
L01582,C2582,2025-02-22,Education,475747,8.4,96,4974906,Self-Employed,756,41,Female,Single,East,Kolkata,Approved,No,5371.98,319701.98
L01583,C2583,2025-11-29,Business,2494123,11.2,180,2290927,Salaried,664,42,Male,Married,North,Delhi,Approved,No,15408.14,4190126.64
L01584,C2584,2025-04-09,Home,1136401,7.7,240,701901,Business Owner,770,37,Female,Married,West,Mumbai,Approved,No,5099.6,1750057.54
L01585,C2585,2025-12-15,Personal,656642,11.2,60,310127,Business Owner,612,56,Female,Single,South,Chennai,Rejected,No,12169.77,367719.52
L01586,C2586,2025-07-31,Personal,230934,12.0,60,917203,Self-Employed,615,41,Female,Married,South,Chennai,Rejected,No,4310.77,138560.4
L01587,C2587,2025-07-16,Home,1371317,9.0,240,4748531,Salaried,740,35,Male,Married,South,Chennai,Approved,No,6228.06,2468370.6
L01588,C2588,2025-08-11,Auto,550332,9.7,84,1276169,Self-Employed,776,21,Male,Married,South,Bengaluru,Approved,No,7187.07,373675.43
L01589,C2589,2025-07-14,Home,1553652,9.3,240,2213575,Business Owner,768,36,Female,Single,South,Hyderabad,Approved,No,7075.59,2889792.72
L01590,C2590,2025-08-08,Personal,415919,14.0,60,2925813,Business Owner,647,55,Female,Married,East,Kolkata,Rejected,No,7902.46,291143.3
L01591,C2591,2025-06-28,Auto,570012,9.5,84,2166992,Business Owner,656,24,Female,Married,North,Delhi,Rejected,No,7430.51,379057.98
L01592,C2592,2025-07-31,Education,359324,7.5,96,737302,Salaried,643,46,Female,Married,West,Ahmedabad,Rejected,No,4023.68,215594.4
L01593,C2593,2025-04-27,Personal,283720,13.0,60,3017916,Business Owner,730,50,Male,Single,South,Chennai,Approved,No,5343.39,184418.0
L01594,C2594,2025-08-22,Auto,1054777,9.5,84,3204611,Salaried,617,34,Female,Married,West,Ahmedabad,Rejected,No,13749.77,701426.71
L01595,C2595,2025-07-05,Education,782600,8.6,96,3916233,Self-Employed,626,36,Male,Married,East,Bhubaneswar,Rejected,No,8853.16,538428.8
L01596,C2596,2025-11-22,Auto,534012,9.9,84,4986039,Self-Employed,635,35,Female,Single,South,Hyderabad,Rejected,No,6986.66,370070.32
L01597,C2597,2025-12-11,Auto,440230,9.6,84,1552804,Salaried,647,48,Male,Single,East,Patna,Rejected,No,5743.95,295834.56
L01598,C2598,2025-01-17,Education,543133,8.9,96,3036759,Business Owner,616,28,Female,Single,West,Mumbai,Rejected,No,6161.16,386710.7
L01599,C2599,2025-09-28,Education,638662,7.1,96,1750543,Salaried,653,21,Male,Single,South,Chennai,Rejected,No,7125.07,362760.02
L01600,C2600,2025-12-30,Auto,514655,10.4,84,1956677,Self-Employed,716,35,Male,Single,South,Hyderabad,Pending,No,6764.04,374668.84
L01601,C2601,2025-08-12,Education,416364,8.9,96,4982116,Self-Employed,720,37,Female,Married,West,Ahmedabad,Approved,No,4723.13,296451.17
L01602,C2602,2025-10-28,Business,2816593,10.3,180,2710838,Salaried,674,39,Male,Married,North,Lucknow,Approved,No,17259.46,4351636.19
L01603,C2603,2025-03-23,Auto,900986,8.7,84,452323,Business Owner,767,36,Male,Married,East,Kolkata,Pending,No,11659.19,548700.47
L01604,C2604,2025-09-12,Business,3217580,10.8,180,4899038,Self-Employed,649,32,Female,Married,North,Jaipur,Rejected,No,19805.99,5212479.6
L01605,C2605,2025-10-03,Home,2182493,8.5,240,1029302,Salaried,629,46,Male,Married,East,Kolkata,Rejected,No,9866.69,3710238.1
L01606,C2606,2025-08-30,Auto,320837,10.1,84,4758748,Salaried,750,55,Female,Married,North,Jaipur,Approved,No,4205.26,226831.76
L01607,C2607,2025-06-14,Personal,482169,13.3,60,2147048,Self-Employed,694,52,Male,Married,East,Kolkata,Pending,No,9104.96,320642.39
L01608,C2608,2025-02-23,Business,3472256,10.4,180,4899070,Salaried,657,45,Male,Single,South,Bengaluru,Rejected,No,21296.5,5416719.36
L01609,C2609,2025-04-11,Home,1504168,8.3,240,3224524,Self-Employed,768,50,Female,Married,West,Mumbai,Approved,No,6787.56,2496918.88
L01610,C2610,2025-11-06,Business,529496,10.3,180,4630325,Business Owner,750,51,Male,Single,South,Hyderabad,Approved,No,3244.63,818071.32
L01611,C2611,2025-03-16,Auto,1197896,9.6,84,3604669,Business Owner,839,44,Female,Married,North,Lucknow,Approved,No,15629.69,804986.11
L01612,C2612,2025-05-22,Business,714536,11.4,180,4220932,Self-Employed,701,50,Female,Single,East,Kolkata,Pending,No,4422.18,1221856.56
L01613,C2613,2025-10-18,Home,1514526,8.8,240,4090807,Salaried,703,46,Male,Single,East,Kolkata,Pending,No,6865.85,2665565.76
L01614,C2614,2025-06-10,Business,1881561,11.8,180,4623426,Self-Employed,653,53,Male,Single,South,Bengaluru,Rejected,No,11686.58,3330362.97
L01615,C2615,2025-12-18,Business,2707242,11.5,180,904343,Self-Employed,696,50,Female,Married,East,Bhubaneswar,Approved,No,16769.86,4669992.45
L01616,C2616,2025-07-29,Home,2930123,7.8,240,321928,Business Owner,725,58,Female,Married,South,Bengaluru,Approved,No,13161.14,4570991.88
L01617,C2617,2025-03-02,Home,1164897,7.9,240,1871077,Self-Employed,657,60,Female,Married,East,Patna,Rejected,No,5237.18,1840537.26
L01618,C2618,2025-12-30,Home,1336698,7.6,240,1880200,Self-Employed,635,41,Female,Single,East,Patna,Rejected,No,5992.86,2031780.96
L01619,C2619,2025-05-21,Personal,177220,12.4,60,608263,Self-Employed,610,46,Male,Married,West,Mumbai,Rejected,No,3319.92,109876.4
L01620,C2620,2025-03-28,Business,3162827,11.0,180,2391125,Salaried,837,55,Male,Married,North,Lucknow,Approved,No,19504.1,5218664.55
L01621,C2621,2025-04-19,Auto,1003800,10.4,84,2676353,Business Owner,707,42,Female,Married,East,Bhubaneswar,Pending,No,13192.8,730766.4
L01622,C2622,2025-12-14,Education,443360,8.4,96,4820902,Self-Employed,755,23,Male,Married,West,Pune,Approved,No,5006.27,297937.92
L01623,C2623,2025-12-13,Business,2278757,10.6,180,3462754,Salaried,784,46,Male,Single,South,Bengaluru,Approved,No,14001.7,3623223.63
L01624,C2624,2025-08-12,Education,313051,7.5,96,499288,Business Owner,834,51,Male,Married,North,Jaipur,Pending,No,3505.52,187830.6
L01625,C2625,2025-02-27,Home,1612174,9.0,240,4924077,Salaried,766,42,Male,Married,West,Mumbai,Approved,No,7321.96,2901913.2
L01626,C2626,2025-08-21,Personal,232040,12.1,60,1754050,Salaried,835,41,Female,Single,West,Mumbai,Approved,No,4335.28,140384.2
L01627,C2627,2025-01-14,Business,3810505,10.6,180,4791662,Salaried,827,31,Female,Married,West,Ahmedabad,Approved,No,23413.44,6058702.95
L01628,C2628,2025-05-16,Education,344026,8.6,96,3815550,Self-Employed,693,30,Female,Single,East,Bhubaneswar,Pending,No,3891.79,236689.89
L01629,C2629,2025-08-02,Education,692068,7.0,96,2124680,Self-Employed,715,51,Female,Single,South,Bengaluru,Pending,No,7713.67,387558.08
L01630,C2630,2025-03-17,Home,2955658,8.6,240,1493524,Self-Employed,831,25,Female,Single,North,Jaipur,Approved,No,13374.35,5083731.76
L01631,C2631,2025-02-08,Home,1621559,7.6,240,310987,Business Owner,687,46,Female,Single,North,Jaipur,Approved,No,7269.99,2464769.68
L01632,C2632,2025-05-02,Auto,849135,10.5,84,837743,Self-Employed,636,38,Male,Single,West,Ahmedabad,Rejected,No,11170.17,624114.22
L01633,C2633,2025-12-17,Business,2832722,12.1,180,1018064,Self-Employed,850,52,Male,Single,North,Delhi,Approved,No,17641.56,5141390.43
L01634,C2634,2025-08-15,Education,694189,8.1,96,4220326,Business Owner,766,45,Female,Married,South,Chennai,Approved,No,7816.86,449834.47
L01635,C2635,2025-04-01,Home,1082585,7.6,240,750540,Salaried,683,44,Male,Married,East,Bhubaneswar,Approved,No,4853.59,1645529.2
L01636,C2636,2025-11-16,Auto,1015839,8.8,84,4272470,Business Owner,641,51,Female,Single,East,Patna,Rejected,No,13157.53,625756.82
L01637,C2637,2025-01-29,Personal,275110,14.0,60,3842181,Self-Employed,682,26,Female,Single,East,Patna,Approved,No,5227.09,192577.0
L01638,C2638,2025-08-05,Personal,197429,14.9,60,3997769,Self-Employed,674,57,Female,Single,North,Jaipur,Approved,No,3780.77,147084.61
L01639,C2639,2025-09-22,Education,292697,8.0,96,340252,Business Owner,814,26,Female,Single,North,Lucknow,Pending,No,3292.84,187326.08
L01640,C2640,2025-11-13,Home,2215196,9.0,240,2073677,Business Owner,844,56,Female,Married,North,Lucknow,Approved,No,10060.68,3987352.8
L01641,C2641,2025-10-01,Auto,1072420,10.4,84,2342512,Self-Employed,681,47,Female,Single,South,Bengaluru,Approved,No,14094.66,780721.76
L01642,C2642,2025-01-21,Home,2528262,9.1,240,2336442,Salaried,691,30,Female,Single,South,Chennai,Approved,No,11493.06,4601436.84
L01643,C2643,2025-10-08,Business,536288,10.5,180,4455213,Salaried,769,60,Male,Married,South,Bengaluru,Approved,No,3292.21,844653.6
L01644,C2644,2025-12-16,Auto,705375,9.4,84,4828442,Self-Employed,671,32,Male,Single,East,Bhubaneswar,Pending,No,9186.67,464136.75
L01645,C2645,2025-08-08,Education,484608,7.8,96,1836470,Business Owner,727,53,Female,Single,West,Mumbai,Approved,No,5441.74,302395.39
L01646,C2646,2025-08-01,Auto,773871,10.3,84,2638581,Salaried,684,42,Female,Married,West,Pune,Approved,No,10161.66,557960.99
L01647,C2647,2025-12-09,Home,2380736,7.8,240,2051498,Self-Employed,664,47,Male,Married,West,Pune,Approved,No,10693.47,3713948.16
L01648,C2648,2025-04-29,Business,3441174,11.3,180,3672748,Salaried,634,45,Male,Married,East,Bhubaneswar,Rejected,No,21277.93,5832789.93
L01649,C2649,2025-11-22,Auto,1177654,9.9,84,2323940,Business Owner,663,31,Female,Single,South,Bengaluru,Pending,No,15407.64,816114.22
L01650,C2650,2025-10-13,Education,310247,8.0,96,1877503,Self-Employed,820,55,Male,Single,West,Pune,Approved,No,3490.28,198558.08
L01651,C2651,2025-03-26,Auto,838548,9.9,84,2806580,Business Owner,688,56,Male,Single,West,Mumbai,Approved,No,10971.0,581113.76
L01652,C2652,2025-06-08,Personal,431453,13.4,60,4689855,Salaried,780,55,Male,Single,South,Chennai,Approved,No,8154.46,289073.51
L01653,C2653,2025-03-27,Auto,1002387,10.2,84,1592813,Salaried,611,31,Male,Married,West,Mumbai,Rejected,No,13150.36,715704.32
L01654,C2654,2025-04-06,Business,1031737,10.4,180,3961449,Self-Employed,850,30,Female,Single,West,Pune,Approved,No,6327.99,1609509.72
L01655,C2655,2025-12-07,Personal,337498,12.6,60,1554459,Business Owner,601,35,Male,Single,North,Lucknow,Rejected,No,6333.71,212623.74
L01656,C2656,2025-04-20,Auto,481911,9.4,84,4329372,Self-Employed,662,54,Female,Single,East,Patna,Approved,No,6276.32,317097.44
L01657,C2657,2025-03-20,Personal,569932,11.2,60,4177903,Self-Employed,656,42,Female,Single,South,Chennai,Rejected,No,10562.74,319161.92
L01658,C2658,2025-07-04,Business,2421634,11.2,180,2170086,Business Owner,748,47,Female,Single,West,Ahmedabad,Approved,No,14960.32,4068345.12
L01659,C2659,2025-08-09,Business,2094312,10.8,180,3579729,Self-Employed,815,35,Male,Married,West,Mumbai,Approved,No,12891.65,3392785.44
L01660,C2660,2025-06-10,Home,2185355,7.6,240,1667635,Business Owner,672,58,Female,Married,South,Hyderabad,Pending,No,9797.67,3321739.6
L01661,C2661,2025-12-22,Home,900786,7.6,240,4395232,Salaried,705,36,Female,Married,West,Pune,Approved,No,4038.52,1369194.72
L01662,C2662,2025-04-22,Business,2279636,11.6,180,2177753,Salaried,663,50,Female,Married,West,Mumbai,Approved,No,14133.74,3966566.64
L01663,C2663,2025-07-08,Education,736340,8.2,96,477635,Self-Employed,633,58,Female,Single,East,Bhubaneswar,Rejected,No,8299.17,483039.04
L01664,C2664,2025-02-12,Business,2042851,10.7,180,3179471,Self-Employed,756,28,Female,Single,West,Pune,Approved,No,12563.53,3278775.85
L01665,C2665,2025-08-21,Business,1172991,12.0,180,2181196,Business Owner,759,54,Male,Married,East,Kolkata,Approved,No,7298.61,2111383.8
L01666,C2666,2025-01-31,Auto,959714,9.5,84,1107660,Salaried,823,23,Male,Single,West,Ahmedabad,Approved,No,12510.56,638209.81
L01667,C2667,2025-03-30,Auto,1066143,10.1,84,4185849,Business Owner,651,26,Male,Single,West,Ahmedabad,Rejected,No,13974.09,753763.1
L01668,C2668,2025-12-04,Personal,362683,11.2,60,1980028,Salaried,797,43,Female,Single,East,Kolkata,Approved,No,6721.72,203102.48
L01669,C2669,2025-02-14,Home,2806776,9.1,240,2668214,Business Owner,836,59,Male,Married,North,Lucknow,Approved,No,12759.14,5108332.32
L01670,C2670,2025-08-25,Personal,171992,11.7,60,2497698,Self-Employed,805,55,Female,Married,South,Bengaluru,Approved,No,3201.92,100615.32
L01671,C2671,2025-02-12,Personal,258059,11.8,60,2735666,Salaried,809,23,Male,Single,South,Bengaluru,Approved,No,4808.5,152254.81
L01672,C2672,2025-10-21,Home,1012816,8.7,240,1665339,Salaried,758,57,Male,Married,East,Patna,Approved,No,4587.21,1762299.84
L01673,C2673,2025-01-28,Personal,198671,13.5,60,1912234,Self-Employed,682,25,Female,Married,North,Lucknow,Pending,No,3758.19,134102.92
L01674,C2674,2025-03-23,Personal,602408,13.9,60,4895747,Salaried,830,36,Female,Single,North,Lucknow,Approved,No,11435.71,418673.56
L01675,C2675,2025-12-29,Home,1874168,7.6,240,4436361,Business Owner,619,50,Male,Married,East,Bhubaneswar,Rejected,No,8402.52,2848735.36
L01676,C2676,2025-06-11,Personal,628302,14.9,60,1287103,Business Owner,700,49,Male,Married,North,Jaipur,Approved,No,12031.98,468084.99
L01677,C2677,2025-03-12,Home,2736328,8.3,240,3861178,Salaried,702,34,Female,Married,West,Mumbai,Approved,No,12347.68,4542304.48
L01678,C2678,2025-04-21,Home,837339,8.0,240,2969889,Salaried,733,46,Female,Single,North,Jaipur,Approved,No,3768.03,1339742.4
L01679,C2679,2025-09-26,Business,3113266,11.8,180,4713521,Self-Employed,741,55,Male,Single,East,Bhubaneswar,Approved,No,19336.84,5510480.82
L01680,C2680,2025-08-08,Auto,950333,10.3,84,3286937,Self-Employed,680,55,Male,Single,East,Patna,Approved,No,12478.78,685190.09
L01681,C2681,2025-05-21,Business,2730904,11.2,180,1914878,Business Owner,637,48,Female,Single,South,Bengaluru,Rejected,No,16870.92,4587918.72
L01682,C2682,2025-01-20,Personal,339059,12.9,60,4419593,Salaried,796,37,Female,Single,North,Jaipur,Approved,No,6379.96,218693.06
L01683,C2683,2025-02-05,Home,1929755,8.4,240,1230364,Salaried,791,47,Female,Married,North,Lucknow,Approved,No,8716.06,3241988.4
L01684,C2684,2025-07-14,Education,293665,8.6,96,560446,Self-Employed,820,37,Male,Single,North,Jaipur,Pending,No,3322.09,202041.52
L01685,C2685,2025-06-11,Business,2596446,10.6,180,2443188,Self-Employed,836,42,Female,Single,South,Bengaluru,Approved,No,15953.72,4128349.14
L01686,C2686,2025-10-28,Home,1161687,7.8,240,2236655,Self-Employed,601,38,Male,Married,West,Mumbai,Rejected,No,5217.91,1812231.72
L01687,C2687,2025-01-16,Personal,440623,11.8,60,3576412,Business Owner,804,59,Male,Single,West,Ahmedabad,Approved,No,8210.28,259967.57
L01688,C2688,2025-08-31,Business,2227479,12.4,180,1252123,Self-Employed,617,23,Male,Single,East,Kolkata,Rejected,No,13909.37,4143110.94
L01689,C2689,2025-06-18,Business,3477218,11.1,180,3074276,Self-Employed,782,29,Male,Single,South,Bengaluru,Approved,No,21462.16,5789567.97
L01690,C2690,2025-11-28,Personal,217698,13.9,60,4281658,Self-Employed,687,34,Female,Single,East,Bhubaneswar,Approved,No,4132.63,151300.11
L01691,C2691,2025-09-21,Auto,628250,10.1,84,2975330,Business Owner,749,52,Male,Married,West,Ahmedabad,Approved,No,8234.56,444172.75
L01692,C2692,2025-10-14,Education,497659,7.5,96,407032,Self-Employed,719,26,Female,Married,North,Delhi,Pending,No,5572.74,298595.4
L01693,C2693,2025-10-21,Auto,523627,9.9,84,1556207,Business Owner,801,28,Male,Married,South,Bengaluru,Approved,No,6850.79,362873.51
L01694,C2694,2025-01-20,Auto,795298,10.3,84,3473889,Business Owner,670,54,Female,Married,South,Bengaluru,Pending,No,10443.02,573409.86
L01695,C2695,2025-09-16,Business,1000213,11.1,180,1313521,Salaried,629,24,Female,Single,North,Jaipur,Rejected,No,6173.54,1665354.64
L01696,C2696,2025-09-11,Auto,1199655,9.8,84,4405994,Self-Employed,654,21,Male,Single,East,Kolkata,Rejected,No,15681.2,822963.33
L01697,C2697,2025-10-20,Personal,190750,14.9,60,3157469,Business Owner,662,24,Female,Single,North,Lucknow,Approved,No,3652.86,142108.75
L01698,C2698,2025-06-07,Home,2605135,9.5,240,1544890,Self-Employed,738,54,Male,Married,West,Ahmedabad,Approved,No,11885.93,4949756.5
L01699,C2699,2025-12-27,Personal,611094,12.7,60,4262665,Self-Employed,602,58,Male,Married,North,Delhi,Rejected,No,11478.38,388044.69
L01700,C2700,2025-06-27,Home,1944887,8.5,240,4618871,Salaried,660,51,Female,Single,North,Jaipur,Pending,No,8792.51,3306307.9
L01701,C2701,2025-05-19,Auto,714362,8.8,84,4004759,Self-Employed,634,51,Female,Married,East,Bhubaneswar,Rejected,No,9252.69,440046.99
L01702,C2702,2025-03-06,Auto,456411,9.7,84,3100489,Business Owner,795,45,Female,Single,North,Delhi,Approved,No,5960.51,309903.07
L01703,C2703,2025-02-14,Education,234610,7.1,96,2167979,Self-Employed,661,53,Female,Married,South,Bengaluru,Pending,No,2617.37,133258.48
L01704,C2704,2025-02-01,Education,331223,8.1,96,3653027,Business Owner,790,43,Male,Single,South,Bengaluru,Approved,No,3729.71,214632.5
L01705,C2705,2025-09-24,Personal,370398,14.1,60,1928417,Salaried,634,50,Male,Married,West,Ahmedabad,Rejected,No,7043.74,261130.59
L01706,C2706,2025-03-14,Personal,340572,11.2,60,1862282,Business Owner,686,34,Female,Married,West,Ahmedabad,Pending,No,6311.93,190720.32
L01707,C2707,2025-11-21,Education,406205,7.4,96,393453,Salaried,668,29,Female,Single,South,Hyderabad,Pending,No,4544.42,240473.36
L01708,C2708,2025-06-01,Education,589739,8.1,96,2138116,Self-Employed,712,43,Female,Single,North,Jaipur,Pending,No,6640.71,382150.87
L01709,C2709,2025-11-28,Auto,950876,9.9,84,4405951,Business Owner,770,48,Female,Married,South,Chennai,Approved,No,12440.63,658957.07
L01710,C2710,2025-12-11,Personal,139862,14.7,60,4713859,Business Owner,742,34,Male,Married,East,Patna,Approved,No,2673.7,102798.57
L01711,C2711,2025-01-06,Personal,462225,11.5,60,1683959,Self-Employed,624,48,Female,Single,East,Kolkata,Rejected,No,8589.68,265779.38
L01712,C2712,2025-11-12,Education,298168,7.5,96,2171951,Salaried,676,21,Male,Single,North,Jaipur,Pending,No,3338.86,178900.8
L01713,C2713,2025-04-27,Personal,469591,11.8,60,4240152,Business Owner,697,59,Female,Single,South,Bengaluru,Pending,No,8750.05,277058.69
L01714,C2714,2025-09-20,Personal,534905,12.9,60,4966846,Self-Employed,744,34,Male,Married,East,Kolkata,Approved,No,10065.13,345013.72
L01715,C2715,2025-12-03,Home,1414345,8.3,240,431702,Self-Employed,769,34,Male,Married,South,Hyderabad,Pending,No,6382.23,2347812.7
L01716,C2716,2025-07-22,Business,3009827,10.3,180,4091798,Business Owner,668,22,Female,Married,South,Bengaluru,Pending,No,18443.55,4650182.72
L01717,C2717,2025-05-24,Auto,1106138,9.4,84,2851871,Salaried,836,51,Female,Married,South,Bengaluru,Approved,No,14406.13,727838.8
L01718,C2718,2025-08-03,Personal,686392,13.9,60,4457803,Self-Employed,624,57,Female,Single,North,Lucknow,Rejected,No,13030.01,477042.44
L01719,C2719,2025-10-11,Personal,237120,12.4,60,4826173,Salaried,712,49,Female,Single,West,Mumbai,Approved,No,4442.05,147014.4
L01720,C2720,2025-04-20,Business,1491489,11.1,180,4734764,Business Owner,836,23,Female,Married,West,Mumbai,Approved,No,9205.8,2483329.19
L01721,C2721,2025-04-29,Personal,394040,11.9,60,2311115,Self-Employed,611,37,Female,Single,East,Kolkata,Rejected,No,7348.85,234453.8
L01722,C2722,2025-08-03,Personal,628905,14.5,60,1156669,Business Owner,775,39,Female,Single,South,Chennai,Approved,No,12001.6,455956.12
L01723,C2723,2025-08-07,Business,2187625,12.2,180,791557,Salaried,654,32,Male,Married,North,Jaipur,Rejected,No,13636.2,4003353.75
L01724,C2724,2025-06-04,Personal,627128,11.2,60,3697893,Salaried,778,41,Male,Married,East,Kolkata,Approved,No,11622.77,351191.68
L01725,C2725,2025-04-09,Personal,640671,13.3,60,4861792,Business Owner,706,21,Male,Married,South,Bengaluru,Pending,No,12098.0,426046.22
L01726,C2726,2025-11-08,Auto,868304,10.3,84,3268063,Business Owner,819,58,Male,Married,North,Delhi,Approved,No,11401.66,626047.18
L01727,C2727,2025-12-05,Auto,426682,9.6,84,603516,Self-Employed,824,25,Female,Married,West,Ahmedabad,Approved,No,5567.18,286730.3
L01728,C2728,2025-10-30,Auto,470850,9.9,84,1538184,Salaried,752,34,Male,Married,North,Lucknow,Approved,No,6160.29,326299.05
L01729,C2729,2025-08-30,Business,676543,12.8,180,3261299,Self-Employed,641,44,Female,Single,South,Bengaluru,Rejected,No,4239.67,1298962.56
L01730,C2730,2025-03-09,Education,311376,8.8,96,2438143,Business Owner,738,23,Male,Married,South,Hyderabad,Approved,No,3528.93,219208.7
L01731,C2731,2025-12-08,Auto,1006503,8.6,84,915992,Business Owner,709,29,Male,Married,West,Ahmedabad,Approved,No,13012.65,605914.81
L01732,C2732,2025-10-12,Personal,162461,13.7,60,3022490,Business Owner,691,53,Male,Married,South,Chennai,Pending,No,3078.64,111285.78
L01733,C2733,2025-01-04,Home,1003013,7.8,240,3693706,Business Owner,820,28,Female,Single,West,Ahmedabad,Approved,No,4505.2,1564700.28
L01734,C2734,2025-10-10,Business,3633779,12.1,180,411812,Salaried,664,38,Female,Single,North,Lucknow,Approved,No,22630.37,6595308.88
L01735,C2735,2025-08-10,Business,548464,12.5,180,3256119,Business Owner,607,56,Male,Single,East,Bhubaneswar,Rejected,No,3427.9,1028370.0
L01736,C2736,2025-08-09,Auto,619867,10.4,84,1488326,Salaried,755,41,Male,Single,North,Jaipur,Approved,No,8146.82,451263.18
L01737,C2737,2025-03-05,Education,300376,8.0,96,1017857,Self-Employed,824,39,Female,Single,West,Pune,Approved,No,3379.23,192240.64
L01738,C2738,2025-06-07,Education,326835,7.9,96,1386133,Business Owner,755,54,Male,Single,North,Delhi,Approved,No,3673.49,206559.72
L01739,C2739,2025-02-02,Business,1024019,11.5,180,3765034,Self-Employed,723,52,Male,Married,West,Ahmedabad,Approved,No,6343.23,1766432.77
L01740,C2740,2025-09-25,Personal,258724,12.3,60,3003559,Business Owner,637,40,Female,Married,North,Lucknow,Rejected,No,4842.45,159115.26
L01741,C2741,2025-04-07,Home,1037252,8.8,240,3336386,Business Owner,844,28,Female,Single,West,Mumbai,Approved,No,4702.21,1825563.52
L01742,C2742,2025-04-26,Auto,456681,8.8,84,2228839,Business Owner,673,27,Female,Married,West,Mumbai,Pending,No,5915.11,281315.5
L01743,C2743,2025-01-24,Business,1612493,11.4,180,4372480,Salaried,731,27,Male,Single,East,Kolkata,Approved,No,9979.54,2757363.03
L01744,C2744,2025-07-29,Home,2968643,9.4,240,2120418,Self-Employed,725,50,Female,Married,South,Chennai,Approved,No,13532.06,5581048.84
L01745,C2745,2025-11-17,Business,3756046,12.1,180,4271765,Salaried,715,41,Female,Single,East,Bhubaneswar,Pending,No,23391.82,6817223.49
L01746,C2746,2025-04-28,Auto,788574,9.2,84,1999524,Business Owner,683,54,Male,Single,South,Chennai,Pending,No,10251.46,507841.66
L01747,C2747,2025-02-10,Auto,698134,10.4,84,4002570,Business Owner,701,29,Male,Single,South,Chennai,Pending,No,9175.48,508241.55
L01748,C2748,2025-01-18,Home,2435887,8.2,240,2104793,Self-Employed,783,39,Male,Single,East,Kolkata,Approved,No,10981.79,3994854.68
L01749,C2749,2025-08-25,Home,2426088,7.8,240,1321574,Self-Employed,603,38,Male,Married,East,Kolkata,Rejected,No,10897.18,3784697.28
L01750,C2750,2025-11-15,Business,3366912,10.7,180,4316674,Self-Employed,624,60,Female,Married,North,Lucknow,Rejected,No,20706.51,5403893.76
L01751,C2751,2025-11-17,Home,2068963,8.2,240,2028236,Salaried,802,54,Male,Single,North,Delhi,Approved,No,9327.57,3393099.32
L01752,C2752,2025-04-18,Personal,327908,14.6,60,1269753,Salaried,693,28,Male,Married,West,Mumbai,Approved,No,6263.04,239372.84
L01753,C2753,2025-10-12,Business,2341181,10.4,180,2996878,Self-Employed,667,40,Female,Single,South,Chennai,Approved,No,14359.24,3652242.36
L01754,C2754,2025-03-24,Home,1727696,8.3,240,4150728,Business Owner,604,30,Male,Married,West,Pune,Rejected,No,7796.23,2867975.36
L01755,C2755,2025-04-21,Business,2242054,10.8,180,2082802,Business Owner,819,34,Male,Married,South,Chennai,Approved,No,13801.09,3632127.48
L01756,C2756,2025-04-29,Auto,1097431,8.6,84,3914556,Salaried,745,32,Male,Single,East,Patna,Approved,No,14188.22,660653.46
L01757,C2757,2025-03-20,Auto,889741,10.5,84,4670893,Self-Employed,807,32,Male,Married,East,Kolkata,Approved,No,11704.33,653959.64
L01758,C2758,2025-09-28,Personal,421839,13.5,60,4223205,Salaried,742,26,Female,Single,West,Ahmedabad,Approved,No,7979.79,284741.33
L01759,C2759,2025-12-19,Business,1200112,10.6,180,3422847,Self-Employed,746,42,Female,Married,East,Bhubaneswar,Approved,No,7374.02,1908178.08
L01760,C2760,2025-02-15,Education,583891,7.4,96,3887553,Self-Employed,733,37,Male,Single,West,Pune,Approved,No,6532.28,345663.47
L01761,C2761,2025-02-28,Home,2048980,7.9,240,4894657,Self-Employed,767,22,Male,Married,South,Hyderabad,Approved,No,9211.87,3237388.4
L01762,C2762,2025-05-14,Personal,396808,11.6,60,1191392,Business Owner,685,59,Male,Married,North,Delhi,Approved,No,7380.63,230148.64
L01763,C2763,2025-10-20,Business,3760389,10.1,180,3603266,Salaried,624,42,Female,Married,North,Lucknow,Rejected,No,23001.05,5696989.33
L01764,C2764,2025-08-10,Education,390324,7.4,96,3495137,Self-Employed,718,35,Male,Married,North,Jaipur,Approved,No,4366.75,231071.81
L01765,C2765,2025-04-11,Education,691753,8.8,96,3981187,Salaried,640,52,Female,Married,East,Patna,Rejected,No,7839.87,486994.11
L01766,C2766,2025-10-28,Auto,789207,10.2,84,2885825,Self-Employed,773,53,Female,Single,North,Delhi,Approved,No,10353.64,563493.8
L01767,C2767,2025-12-23,Home,2789286,9.5,240,4693495,Salaried,687,47,Female,Single,West,Mumbai,Approved,No,12726.12,5299643.4
L01768,C2768,2025-05-16,Personal,544907,14.5,60,3510142,Business Owner,651,42,Female,Single,West,Mumbai,Rejected,No,10398.64,395057.58
L01769,C2769,2025-06-13,Auto,382110,9.0,84,2523633,Business Owner,848,23,Male,Single,West,Ahmedabad,Approved,No,4958.33,240729.3
L01770,C2770,2025-04-27,Personal,686319,12.3,60,4013498,Business Owner,726,60,Female,Single,North,Jaipur,Approved,No,12845.6,422086.19
L01771,C2771,2025-11-07,Education,750478,8.1,96,3230959,Salaried,671,36,Female,Single,North,Delhi,Approved,Yes,8450.69,486309.74
L01772,C2772,2025-01-01,Business,3903352,10.6,180,659866,Business Owner,778,45,Male,Married,East,Patna,Approved,No,23983.93,6206329.68
L01773,C2773,2025-07-22,Auto,678498,9.7,84,1167044,Self-Employed,611,38,Female,Single,East,Kolkata,Rejected,No,8860.86,460700.14
L01774,C2774,2025-10-22,Home,1372482,8.0,240,2377355,Self-Employed,655,25,Male,Married,West,Pune,Rejected,No,6176.17,2195971.2
L01775,C2775,2025-10-17,Education,315526,8.2,96,3959200,Business Owner,611,51,Male,Married,North,Delhi,Rejected,No,3556.24,206985.06
L01776,C2776,2025-12-09,Education,668909,7.4,96,1031445,Business Owner,667,32,Female,Married,South,Chennai,Pending,No,7483.42,395994.13
L01777,C2777,2025-03-23,Home,2772879,8.5,240,3684699,Business Owner,820,32,Male,Single,South,Bengaluru,Approved,No,12535.72,4713894.3
L01778,C2778,2025-04-17,Business,2563531,11.8,180,1220963,Salaried,632,52,Female,Single,North,Delhi,Rejected,No,15922.38,4537449.87
L01779,C2779,2025-09-28,Business,3681357,10.1,180,398211,Salaried,725,55,Female,Single,North,Jaipur,Pending,No,22517.63,5577255.85
L01780,C2780,2025-05-30,Personal,584903,13.7,60,389171,Self-Employed,658,60,Male,Single,East,Patna,Rejected,No,11083.91,400658.55
L01781,C2781,2025-02-12,Home,1293602,9.1,240,382970,Self-Employed,648,52,Female,Single,South,Hyderabad,Rejected,No,5880.5,2354355.64
L01782,C2782,2025-08-12,Home,2123096,7.9,240,4920662,Salaried,743,42,Male,Single,East,Bhubaneswar,Approved,No,9545.09,3354491.68
L01783,C2783,2025-07-03,Auto,936539,9.7,84,1633399,Self-Employed,652,43,Female,Married,North,Delhi,Rejected,No,12230.75,635909.98
L01784,C2784,2025-11-18,Education,263041,7.2,96,1284314,Business Owner,805,43,Male,Married,South,Chennai,Approved,No,2937.29,151511.62
L01785,C2785,2025-01-29,Home,1640865,8.9,240,2751203,Self-Employed,632,54,Male,Married,East,Kolkata,Rejected,No,7445.42,2920739.7
L01786,C2786,2025-09-27,Auto,770063,9.5,84,2794115,Business Owner,735,30,Female,Single,South,Chennai,Approved,No,10038.32,512091.9
L01787,C2787,2025-10-28,Business,2747241,10.6,180,1180619,Self-Employed,695,27,Female,Married,East,Kolkata,Approved,No,16880.27,4368113.19
L01788,C2788,2025-11-14,Education,243011,8.5,96,3813171,Self-Employed,798,40,Female,Single,East,Bhubaneswar,Approved,No,2746.53,165247.48
L01789,C2789,2025-05-28,Auto,881337,10.0,84,424931,Self-Employed,811,39,Male,Married,West,Mumbai,Pending,No,11541.32,616935.9
L01790,C2790,2025-12-31,Education,569409,8.7,96,3764271,Salaried,752,30,Female,Single,East,Kolkata,Approved,No,6447.37,396308.66
L01791,C2791,2025-05-28,Education,590179,7.4,96,4091868,Business Owner,760,58,Male,Single,East,Bhubaneswar,Approved,No,6602.63,349385.97
L01792,C2792,2025-05-16,Home,1060567,8.7,240,442831,Business Owner,726,27,Female,Single,West,Ahmedabad,Pending,No,4803.48,1845386.58
L01793,C2793,2025-08-19,Business,3264008,11.1,180,3159836,Self-Employed,801,49,Female,Married,South,Chennai,Approved,No,20146.18,5434573.32
L01794,C2794,2025-12-22,Home,1441910,8.2,240,1599098,Business Owner,833,33,Female,Married,West,Pune,Approved,No,6500.61,2364732.4
L01795,C2795,2025-04-06,Home,1986642,9.1,240,768773,Salaried,686,48,Male,Married,West,Ahmedabad,Pending,No,9030.94,3615688.44
L01796,C2796,2025-05-31,Education,573420,7.1,96,3778020,Salaried,706,26,Female,Married,East,Patna,Approved,No,6397.22,325702.56
L01797,C2797,2025-02-05,Education,678980,8.6,96,4990535,Business Owner,682,47,Male,Single,East,Bhubaneswar,Approved,No,7680.96,467138.24
L01798,C2798,2025-12-18,Home,1625873,8.2,240,3391653,Business Owner,695,36,Male,Single,North,Delhi,Approved,No,7329.98,2666431.72
L01799,C2799,2025-10-14,Business,3292103,11.3,180,657060,Business Owner,647,60,Male,Single,South,Bengaluru,Rejected,No,20356.17,5580114.59
L01800,C2800,2025-10-06,Business,3741881,12.6,180,1133321,Salaried,792,40,Male,Married,East,Bhubaneswar,Approved,No,23407.54,7072155.09
L01801,C2801,2025-11-03,Education,633091,8.1,96,3948749,Self-Employed,674,47,Male,Single,East,Kolkata,Approved,No,7128.87,410242.97
L01802,C2802,2025-05-12,Home,2660705,8.7,240,4910933,Self-Employed,721,60,Male,Single,East,Patna,Approved,No,12050.78,4629626.7
L01803,C2803,2025-01-06,Auto,626057,8.8,84,3070599,Business Owner,806,57,Female,Single,South,Chennai,Approved,No,8108.93,385651.11
L01804,C2804,2025-11-27,Education,390905,8.5,96,4656713,Salaried,616,38,Female,Single,West,Pune,Rejected,No,4418.04,265815.4
L01805,C2805,2025-12-28,Home,1671529,7.6,240,2200492,Business Owner,719,41,Female,Married,South,Chennai,Pending,No,7494.02,2540724.08
L01806,C2806,2025-08-24,Auto,1138947,9.8,84,3050272,Business Owner,749,45,Male,Married,North,Jaipur,Approved,No,14887.66,781317.64
L01807,C2807,2025-04-25,Home,2459262,8.0,240,1405322,Salaried,834,50,Male,Single,East,Bhubaneswar,Approved,No,11066.68,3934819.2
L01808,C2808,2025-08-22,Auto,1138479,8.7,84,3943953,Business Owner,690,27,Female,Married,West,Mumbai,Pending,No,14732.46,693333.71
L01809,C2809,2025-10-08,Auto,853313,9.8,84,994761,Self-Employed,761,24,Male,Single,North,Delhi,Approved,No,11154.02,585372.72
L01810,C2810,2025-04-17,Personal,295210,12.1,60,4500211,Salaried,822,56,Male,Married,South,Chennai,Approved,No,5515.51,178602.05
L01811,C2811,2025-06-01,Business,681268,10.2,180,949448,Business Owner,788,47,Female,Married,West,Mumbai,Approved,No,4170.87,1042340.04
L01812,C2812,2025-01-23,Education,650064,8.8,96,458926,Self-Employed,780,21,Female,Single,East,Kolkata,Approved,No,7367.39,457645.06
L01813,C2813,2025-02-26,Personal,246731,14.7,60,636789,Self-Employed,709,49,Male,Married,East,Kolkata,Pending,No,4716.67,181347.28
L01814,C2814,2025-04-14,Personal,191214,11.7,60,993608,Self-Employed,756,26,Female,Single,North,Jaipur,Approved,No,3559.77,111860.19
L01815,C2815,2025-07-27,Home,1410463,8.2,240,3810799,Business Owner,795,51,Male,Married,East,Patna,Approved,No,6358.84,2313159.32
L01816,C2816,2025-02-06,Auto,1084677,8.5,84,1245686,Salaried,601,26,Male,Single,West,Ahmedabad,Rejected,No,14010.41,645382.81
L01817,C2817,2025-05-25,Business,1510525,12.8,180,1999611,Business Owner,807,58,Female,Married,West,Ahmedabad,Approved,No,9465.96,2900208.0
L01818,C2818,2025-12-16,Education,397494,7.3,96,770307,Self-Employed,829,47,Female,Single,West,Pune,Approved,No,4442.82,232136.5
L01819,C2819,2025-04-24,Home,944792,8.9,240,1496924,Salaried,784,39,Female,Single,North,Lucknow,Approved,No,4286.99,1681729.76
L01820,C2820,2025-10-04,Education,705407,7.1,96,2003581,Self-Employed,795,28,Female,Single,South,Chennai,Approved,No,7869.7,400671.18
L01821,C2821,2025-10-10,Education,684884,7.2,96,576864,Business Owner,763,35,Male,Single,South,Bengaluru,Approved,No,7647.87,394493.18
L01822,C2822,2025-01-16,Business,2404269,11.8,180,3438279,Business Owner,697,25,Male,Single,North,Jaipur,Approved,No,14933.18,4255556.13
L01823,C2823,2025-11-05,Home,1593581,8.7,240,3474450,Business Owner,755,37,Female,Married,East,Patna,Approved,No,7217.59,2772830.94
L01824,C2824,2025-07-15,Auto,650275,8.5,84,3277479,Self-Employed,811,21,Female,Single,West,Pune,Approved,No,8399.39,386913.62
L01825,C2825,2025-11-20,Education,391142,7.1,96,4812942,Business Owner,825,45,Male,Married,South,Chennai,Approved,No,4363.68,222168.66
L01826,C2826,2025-01-26,Home,1723920,8.7,240,1285998,Salaried,606,33,Male,Single,West,Ahmedabad,Rejected,No,7807.92,2999620.8
L01827,C2827,2025-10-29,Personal,584266,12.1,60,4723998,Self-Employed,606,29,Female,Married,West,Ahmedabad,Rejected,No,10916.04,353480.93
L01828,C2828,2025-10-31,Business,1783074,11.9,180,3117327,Salaried,709,30,Male,Single,North,Delhi,Approved,No,11084.78,3182787.09
L01829,C2829,2025-11-24,Auto,596022,9.2,84,3666081,Self-Employed,661,33,Female,Married,North,Delhi,Pending,No,7748.29,383838.17
L01830,C2830,2025-12-08,Home,2883048,8.5,240,4410957,Business Owner,786,42,Female,Married,South,Hyderabad,Approved,No,13033.78,4901181.6
L01831,C2831,2025-11-24,Education,351619,7.8,96,4239925,Business Owner,792,28,Male,Single,South,Bengaluru,Approved,No,3948.39,219410.26
L01832,C2832,2025-09-02,Business,2954792,12.0,180,1046977,Business Owner,745,34,Male,Single,West,Mumbai,Approved,No,18385.37,5318625.6
L01833,C2833,2025-05-22,Personal,445426,13.4,60,4625162,Business Owner,804,52,Female,Single,West,Ahmedabad,Approved,No,8418.55,298435.42
L01834,C2834,2025-03-12,Personal,404488,14.2,60,4985293,Business Owner,640,35,Male,Single,North,Delhi,Rejected,No,7698.75,287186.48
L01835,C2835,2025-01-29,Education,795232,8.7,96,3115611,Self-Employed,831,41,Female,Single,West,Ahmedabad,Approved,No,9004.35,553481.47
L01836,C2836,2025-09-11,Home,1654966,8.1,240,4147687,Self-Employed,676,23,Male,Single,West,Ahmedabad,Approved,No,7454.24,2681044.92
L01837,C2837,2025-11-10,Business,3574730,12.6,180,2578965,Self-Employed,731,33,Male,Married,South,Chennai,Approved,No,22361.92,6756239.7
L01838,C2838,2025-11-26,Education,763197,7.5,96,4163892,Self-Employed,849,38,Male,Married,West,Ahmedabad,Approved,No,8546.22,457918.2
L01839,C2839,2025-01-01,Auto,1085040,10.2,84,1523955,Salaried,819,54,Male,Single,North,Delhi,Approved,No,14234.69,774718.56
L01840,C2840,2025-04-07,Personal,421583,13.9,60,2358731,Self-Employed,694,50,Female,Single,North,Delhi,Approved,No,8003.05,293000.18
L01841,C2841,2025-06-24,Home,1476841,9.3,240,3756410,Business Owner,673,37,Female,Married,North,Lucknow,Approved,No,6725.78,2746924.26
L01842,C2842,2025-11-16,Personal,358075,14.7,60,2686481,Self-Employed,601,37,Female,Married,South,Hyderabad,Rejected,No,6845.2,263185.12
L01843,C2843,2025-04-01,Home,1122926,8.3,240,2395770,Salaried,837,31,Male,Single,North,Jaipur,Approved,No,5067.2,1864057.16
L01844,C2844,2025-03-04,Auto,343626,9.6,84,3650074,Salaried,617,34,Male,Single,North,Jaipur,Rejected,No,4483.5,230916.67
L01845,C2845,2025-11-10,Home,2228345,9.3,240,1478418,Salaried,732,44,Female,Married,West,Pune,Approved,No,10148.25,4144721.7
L01846,C2846,2025-10-20,Auto,486941,9.8,84,1790480,Business Owner,788,59,Female,Married,North,Lucknow,Approved,No,6365.01,334041.53
L01847,C2847,2025-07-31,Auto,1155184,9.7,84,357376,Self-Employed,792,30,Male,Married,East,Kolkata,Approved,No,15086.15,784369.94
L01848,C2848,2025-07-26,Home,2066557,8.8,240,1206578,Self-Employed,715,60,Female,Married,South,Hyderabad,Pending,No,9368.39,3637140.32
L01849,C2849,2025-04-08,Personal,206725,11.5,60,1345424,Salaried,663,28,Male,Married,South,Bengaluru,Pending,No,3841.64,118866.88
L01850,C2850,2025-01-07,Home,1376272,9.2,240,4640117,Business Owner,680,29,Male,Single,North,Delhi,Pending,No,6262.04,2532340.48
L01851,C2851,2025-03-23,Education,365778,8.9,96,4298124,Salaried,813,55,Female,Single,West,Mumbai,Approved,No,4149.29,260433.94
L01852,C2852,2025-06-04,Education,407516,8.4,96,3528482,Salaried,607,55,Female,Single,North,Jaipur,Rejected,No,4601.53,273850.75
L01853,C2853,2025-02-07,Home,2217848,7.5,240,4064986,Salaried,766,59,Female,Married,South,Chennai,Approved,No,9934.11,3326772.0
L01854,C2854,2025-08-11,Personal,167875,11.8,60,3191262,Business Owner,670,35,Female,Married,East,Bhubaneswar,Approved,No,3128.07,99046.25
L01855,C2855,2025-09-22,Home,2944502,9.4,240,4924907,Salaried,643,51,Male,Single,South,Hyderabad,Rejected,No,13422.02,5535663.76
L01856,C2856,2025-08-07,Personal,182914,11.3,60,3255153,Business Owner,831,58,Male,Married,South,Hyderabad,Approved,No,3393.05,103346.41
L01857,C2857,2025-01-04,Personal,107168,12.9,60,2921116,Business Owner,781,56,Female,Single,South,Bengaluru,Approved,No,2016.54,69123.36
L01858,C2858,2025-02-07,Auto,1038563,10.4,84,4125780,Business Owner,696,37,Female,Single,West,Mumbai,Pending,No,13649.69,756073.86
L01859,C2859,2025-02-04,Personal,205719,12.3,60,1666364,Self-Employed,830,39,Male,Single,East,Patna,Approved,No,3850.37,126517.19
L01860,C2860,2025-04-28,Auto,925633,9.0,84,1220514,Self-Employed,835,43,Male,Single,South,Hyderabad,Approved,No,12011.19,583148.79
L01861,C2861,2025-04-12,Home,2883006,7.8,240,4420788,Business Owner,660,32,Male,Married,North,Jaipur,Approved,No,12949.5,4497489.36
L01862,C2862,2025-06-12,Home,1764939,9.3,240,4002298,Business Owner,616,48,Male,Single,South,Hyderabad,Rejected,No,8037.83,3282786.54
L01863,C2863,2025-06-21,Home,1663374,8.5,240,2865347,Business Owner,755,37,Male,Married,South,Chennai,Approved,No,7519.84,2827735.8
L01864,C2864,2025-02-04,Home,878485,8.6,240,4573419,Business Owner,805,30,Female,Married,South,Hyderabad,Approved,No,3975.14,1510994.2
L01865,C2865,2025-04-05,Business,1065039,11.9,180,1031854,Salaried,714,39,Female,Married,East,Kolkata,Approved,No,6620.99,1901094.61
L01866,C2866,2025-01-11,Personal,368239,12.6,60,472804,Self-Employed,671,46,Male,Married,South,Hyderabad,Approved,No,6910.62,231990.57
L01867,C2867,2025-03-17,Auto,652560,9.1,84,1227151,Business Owner,651,29,Male,Single,North,Lucknow,Rejected,No,8475.51,415680.72
L01868,C2868,2025-10-11,Education,280483,8.9,96,1394519,Self-Employed,768,52,Female,Single,West,Ahmedabad,Approved,No,3181.73,199703.9
L01869,C2869,2025-08-22,Home,2814872,9.1,240,2126515,Business Owner,728,31,Male,Single,West,Pune,Approved,No,12795.94,5123067.04
L01870,C2870,2025-04-25,Home,1290352,9.0,240,2606118,Self-Employed,692,28,Male,Single,West,Mumbai,Pending,No,5860.35,2322633.6
L01871,C2871,2025-06-16,Home,1248553,8.2,240,2380165,Salaried,760,46,Male,Married,West,Pune,Approved,No,5628.89,2047626.92
L01872,C2872,2025-08-04,Auto,491575,8.6,84,1904014,Self-Employed,796,21,Male,Married,East,Bhubaneswar,Approved,No,6355.36,295928.15
L01873,C2873,2025-04-23,Home,2723660,7.6,240,3278924,Business Owner,650,41,Female,Single,West,Ahmedabad,Rejected,No,12211.08,4139963.2
L01874,C2874,2025-02-24,Business,3429904,11.8,180,3766002,Salaried,716,23,Female,Married,North,Jaipur,Approved,No,21303.51,6070930.08
L01875,C2875,2025-05-24,Home,1085426,8.3,240,2903452,Salaried,726,22,Female,Single,North,Jaipur,Approved,No,4897.98,1801807.16
L01876,C2876,2025-08-29,Home,1878406,9.0,240,4677315,Salaried,707,28,Male,Married,West,Pune,Pending,No,8531.09,3381130.8
L01877,C2877,2025-12-04,Home,1458632,8.8,240,2237185,Self-Employed,662,54,Female,Single,West,Pune,Pending,No,6612.47,2567192.32
L01878,C2878,2025-07-26,Home,1754538,8.7,240,2487598,Business Owner,804,31,Female,Single,North,Delhi,Approved,No,7946.6,3052896.12
L01879,C2879,2025-07-02,Business,748251,10.9,180,1316799,Business Owner,626,45,Female,Married,North,Jaipur,Rejected,No,4610.06,1223390.39
L01880,C2880,2025-03-21,Education,259631,7.5,96,3380328,Self-Employed,752,45,Female,Single,North,Delhi,Approved,No,2907.33,155778.6
L01881,C2881,2025-11-24,Auto,395849,9.0,84,2061481,Salaried,697,22,Female,Married,North,Lucknow,Approved,No,5136.61,249384.87
L01882,C2882,2025-08-06,Personal,477991,11.7,60,3672314,Self-Employed,766,36,Female,Married,West,Mumbai,Approved,No,8898.6,279624.73
L01883,C2883,2025-05-19,Personal,213946,13.4,60,2950489,Business Owner,798,30,Female,Married,East,Patna,Approved,No,4043.58,143343.82
L01884,C2884,2025-01-17,Auto,461715,9.2,84,2058706,Salaried,712,33,Male,Married,East,Bhubaneswar,Pending,No,6002.3,297344.46
L01885,C2885,2025-09-11,Auto,358681,9.5,84,2229294,Self-Employed,811,23,Female,Married,East,Patna,Approved,No,4675.66,238522.86
L01886,C2886,2025-05-21,Auto,675524,9.5,84,2474721,Business Owner,801,45,Female,Married,West,Mumbai,Approved,No,8805.94,449223.46
L01887,C2887,2025-03-06,Education,209132,7.8,96,2668202,Business Owner,806,50,Female,Single,North,Jaipur,Approved,No,2348.38,130498.37
L01888,C2888,2025-03-22,Education,598290,8.7,96,2211511,Self-Employed,801,37,Female,Married,South,Bengaluru,Approved,No,6774.39,416409.84
L01889,C2889,2025-02-23,Home,1733453,7.6,240,3941832,Business Owner,615,51,Female,Married,West,Mumbai,Rejected,No,7771.65,2634848.56
L01890,C2890,2025-03-21,Education,442367,8.1,96,776235,Self-Employed,655,56,Female,Married,North,Lucknow,Rejected,No,4981.24,286653.82
L01891,C2891,2025-07-01,Home,1909793,9.4,240,4489065,Self-Employed,751,53,Male,Married,South,Bengaluru,Approved,No,8705.47,3590410.84
L01892,C2892,2025-01-13,Personal,560795,13.7,60,1215990,Salaried,726,34,Male,Single,West,Ahmedabad,Approved,No,10627.07,384144.57
L01893,C2893,2025-03-25,Education,231875,7.7,96,1158675,Business Owner,718,45,Male,Married,South,Bengaluru,Approved,No,2601.35,142835.0
L01894,C2894,2025-10-28,Auto,1143744,9.5,84,354943,Self-Employed,840,31,Male,Single,North,Delhi,Pending,No,14909.52,760589.76
L01895,C2895,2025-03-10,Education,533809,9.0,96,2589314,Business Owner,646,49,Male,Single,West,Pune,Rejected,No,6060.96,384342.48
L01896,C2896,2025-12-23,Auto,697783,9.0,84,1304063,Business Owner,610,45,Female,Single,South,Chennai,Rejected,No,9054.57,439603.29
L01897,C2897,2025-04-24,Home,2295158,8.2,240,3329899,Salaried,831,57,Female,Married,South,Bengaluru,Approved,No,10347.34,3764059.12
L01898,C2898,2025-09-22,Personal,236502,11.3,60,2254032,Self-Employed,719,24,Male,Single,West,Ahmedabad,Pending,No,4387.11,133623.63
L01899,C2899,2025-02-13,Home,2527947,8.7,240,4708091,Salaried,638,28,Female,Single,East,Patna,Rejected,No,11449.49,4398627.78
L01900,C2900,2025-09-22,Business,3739788,12.4,180,3012448,Business Owner,745,50,Female,Married,South,Chennai,Approved,No,23352.9,6956005.68
L01901,C2901,2025-02-04,Education,777553,8.8,96,547934,Self-Employed,650,42,Male,Married,West,Pune,Rejected,No,8812.27,547397.31
L01902,C2902,2025-10-05,Personal,543754,12.4,60,501483,Self-Employed,612,21,Female,Married,East,Kolkata,Rejected,No,10186.32,337127.48
L01903,C2903,2025-06-23,Home,2636006,8.7,240,2788698,Salaried,758,55,Male,Single,East,Bhubaneswar,Approved,No,11938.91,4586650.44
L01904,C2904,2025-07-17,Auto,994293,10.3,84,2195534,Self-Employed,766,33,Female,Married,South,Chennai,Approved,No,13056.01,716885.25
L01905,C2905,2025-09-30,Education,782916,8.5,96,3468035,Self-Employed,714,49,Female,Married,East,Kolkata,Pending,No,8848.58,532382.88
L01906,C2906,2025-08-21,Education,296099,8.1,96,3963760,Self-Employed,717,24,Male,Married,North,Delhi,Approved,No,3334.2,191872.15
L01907,C2907,2025-08-14,Personal,254371,13.2,60,1218675,Salaried,710,39,Male,Single,East,Patna,Pending,No,4799.13,167884.86
L01908,C2908,2025-04-23,Auto,691401,10.3,84,872708,Business Owner,805,31,Female,Married,South,Bengaluru,Approved,No,9078.75,498500.12
L01909,C2909,2025-10-28,Home,2433229,9.2,240,1482654,Salaried,693,44,Male,Married,East,Bhubaneswar,Pending,No,11071.19,4477141.36
L01910,C2910,2025-12-24,Auto,908524,9.5,84,3557799,Salaried,697,22,Male,Single,East,Kolkata,Approved,No,11843.26,604168.46
L01911,C2911,2025-08-16,Education,740627,8.8,96,3138518,Business Owner,767,49,Male,Single,North,Delhi,Approved,No,8393.77,521401.41
L01912,C2912,2025-12-05,Home,1942342,8.0,240,508825,Self-Employed,727,40,Female,Married,North,Jaipur,Approved,No,8740.54,3107747.2
L01913,C2913,2025-06-04,Education,680700,8.0,96,991625,Salaried,769,41,Female,Single,West,Ahmedabad,Approved,No,7657.88,435648.0
L01914,C2914,2025-05-09,Home,2018319,7.6,240,4691629,Salaried,638,59,Female,Married,West,Pune,Rejected,No,9048.8,3067844.88
L01915,C2915,2025-01-08,Auto,514910,8.8,84,1743051,Self-Employed,621,28,Male,Married,West,Mumbai,Rejected,No,6669.31,317184.56
L01916,C2916,2025-07-19,Auto,775402,9.0,84,4590406,Salaried,666,39,Female,Single,North,Jaipur,Pending,No,10061.76,488503.26
L01917,C2917,2025-08-31,Home,2100723,9.3,240,1128212,Business Owner,702,48,Female,Single,South,Hyderabad,Pending,No,9567.04,3907344.78
L01918,C2918,2025-04-05,Education,724428,7.7,96,693165,Salaried,743,52,Female,Married,East,Bhubaneswar,Approved,No,8127.18,446247.65
L01919,C2919,2025-01-03,Business,2719708,10.4,180,4807084,Self-Employed,732,25,Female,Married,East,Patna,Approved,No,16680.88,4242744.48
L01920,C2920,2025-04-14,Personal,389018,14.4,60,4798053,Business Owner,719,23,Male,Married,West,Ahmedabad,Pending,No,7417.28,280092.96
L01921,C2921,2025-02-27,Personal,694197,11.4,60,766488,Business Owner,649,37,Male,Single,North,Jaipur,Rejected,No,12888.92,395692.29
L01922,C2922,2025-04-09,Business,2693915,10.9,180,4760869,Self-Employed,682,59,Female,Single,East,Bhubaneswar,Pending,No,16597.51,4404551.02
L01923,C2923,2025-08-06,Business,2400299,11.4,180,2071010,Business Owner,681,48,Male,Married,East,Bhubaneswar,Pending,No,14855.18,4104511.29
L01924,C2924,2025-10-26,Business,786436,12.0,180,3968867,Salaried,770,48,Male,Single,East,Patna,Approved,No,4893.38,1415584.8
L01925,C2925,2025-04-08,Auto,505443,10.2,84,4247066,Self-Employed,707,51,Male,Married,West,Ahmedabad,Pending,No,6630.93,360886.3
L01926,C2926,2025-03-07,Education,528002,7.9,96,946579,Salaried,755,44,Male,Married,North,Delhi,Approved,No,5934.52,333697.26
L01927,C2927,2025-11-20,Education,483809,7.7,96,1738829,Salaried,811,59,Male,Single,East,Bhubaneswar,Approved,No,5427.73,298026.34
L01928,C2928,2025-06-10,Personal,352268,13.6,60,2715490,Self-Employed,648,59,Female,Married,North,Lucknow,Rejected,No,6669.61,239542.24
L01929,C2929,2025-05-07,Home,1987333,7.6,240,1483996,Salaried,826,53,Male,Single,East,Kolkata,Approved,No,8909.88,3020746.16
L01930,C2930,2025-12-13,Auto,512034,9.5,84,2563496,Self-Employed,601,36,Male,Single,North,Delhi,Rejected,No,6674.73,340502.61
L01931,C2931,2025-10-13,Personal,517162,12.4,60,4406381,Salaried,711,39,Female,Married,West,Ahmedabad,Pending,No,9688.17,320640.44
L01932,C2932,2025-06-27,Education,427704,8.7,96,3890246,Salaried,627,27,Male,Single,South,Bengaluru,Rejected,No,4842.86,297681.98
L01933,C2933,2025-03-09,Personal,446619,11.9,60,723953,Business Owner,711,59,Male,Married,South,Hyderabad,Approved,No,8329.44,265738.31
L01934,C2934,2025-04-03,Business,1953902,11.1,180,1219745,Salaried,637,26,Female,Married,West,Mumbai,Rejected,No,12059.92,3253246.83
L01935,C2935,2025-03-24,Education,489518,7.5,96,3027996,Business Owner,753,57,Female,Married,South,Chennai,Approved,No,5481.58,293710.8
L01936,C2936,2025-09-18,Personal,273172,12.3,60,362541,Salaried,761,53,Female,Single,East,Kolkata,Pending,No,5112.87,168000.78
L01937,C2937,2025-06-25,Home,2360838,8.7,240,2131227,Business Owner,648,48,Female,Single,West,Mumbai,Rejected,No,10692.63,4107858.12
L01938,C2938,2025-08-04,Education,373747,7.5,96,3401068,Business Owner,741,34,Male,Married,East,Bhubaneswar,Approved,No,4185.19,224248.2
L01939,C2939,2025-04-15,Auto,1108687,8.9,84,3765410,Self-Employed,819,25,Female,Married,East,Bhubaneswar,Approved,No,14373.34,690712.0
L01940,C2940,2025-08-18,Business,2932343,12.4,180,3543076,Business Owner,691,41,Male,Married,West,Pune,Approved,No,18310.85,5454157.98
L01941,C2941,2025-10-28,Auto,309127,9.2,84,4627155,Business Owner,665,44,Male,Single,West,Ahmedabad,Pending,No,4018.65,199077.79
L01942,C2942,2025-04-23,Education,498571,8.2,96,3626073,Self-Employed,705,30,Male,Married,South,Chennai,Approved,No,5619.31,327062.58
L01943,C2943,2025-10-18,Business,1806094,11.9,180,1980373,Self-Employed,692,29,Female,Married,North,Delhi,Pending,No,11227.88,3223877.79
L01944,C2944,2025-01-13,Business,2789125,12.0,180,3054998,Salaried,650,49,Male,Single,West,Pune,Rejected,No,17354.56,5020425.0
L01945,C2945,2025-09-16,Education,432763,8.1,96,3589441,Salaried,696,43,Male,Single,East,Bhubaneswar,Pending,No,4873.09,280430.42
L01946,C2946,2025-03-15,Personal,293317,14.7,60,3103454,Self-Employed,801,49,Male,Single,East,Patna,Approved,No,5607.24,215587.99
L01947,C2947,2025-08-09,Auto,357516,9.9,84,3763400,Self-Employed,835,46,Male,Married,South,Hyderabad,Approved,No,4677.5,247758.59
L01948,C2948,2025-08-30,Auto,838131,10.0,84,3540814,Business Owner,622,31,Female,Single,East,Kolkata,Rejected,No,10975.53,586691.7
L01949,C2949,2025-10-04,Personal,537348,13.2,60,3321799,Salaried,621,36,Male,Married,East,Kolkata,Rejected,No,10137.97,354649.68
L01950,C2950,2025-11-09,Education,271425,8.9,96,1898986,Business Owner,668,21,Male,Married,North,Delhi,Approved,No,3078.98,193254.6
L01951,C2951,2025-02-07,Home,1201815,7.6,240,3534276,Salaried,655,36,Female,Married,South,Chennai,Rejected,No,5388.14,1826758.8
L01952,C2952,2025-02-27,Home,1133654,8.0,240,4941527,Salaried,645,60,Female,Married,North,Jaipur,Rejected,No,5101.44,1813846.4
L01953,C2953,2025-02-10,Education,214408,8.3,96,4376509,Self-Employed,762,45,Female,Married,South,Chennai,Approved,No,2418.79,142366.91
L01954,C2954,2025-11-17,Auto,1122249,9.1,84,4742599,Salaried,661,56,Female,Married,South,Bengaluru,Approved,Yes,14575.88,714872.61
L01955,C2955,2025-10-07,Personal,155814,11.0,60,4771452,Business Owner,847,33,Female,Married,South,Bengaluru,Approved,No,2882.56,85697.7
L01956,C2956,2025-12-31,Personal,286592,14.0,60,1250059,Self-Employed,697,45,Male,Single,South,Chennai,Approved,No,5445.25,200614.4
L01957,C2957,2025-03-27,Home,1723764,8.6,240,1675948,Self-Employed,622,52,Male,Married,South,Hyderabad,Rejected,No,7800.03,2964874.08
L01958,C2958,2025-04-07,Education,691028,7.4,96,4540748,Business Owner,628,46,Female,Married,North,Jaipur,Rejected,No,7730.88,409088.58
L01959,C2959,2025-05-25,Personal,187733,14.4,60,432040,Business Owner,643,21,Female,Married,West,Pune,Rejected,No,3579.44,135167.76
L01960,C2960,2025-10-08,Business,754378,12.4,180,2657298,Self-Employed,799,47,Female,Single,North,Lucknow,Approved,No,4710.67,1403143.08
L01961,C2961,2025-05-20,Education,716043,9.0,96,4529600,Business Owner,664,39,Male,Single,North,Delhi,Pending,No,8130.07,515550.96
L01962,C2962,2025-10-17,Auto,763330,9.0,84,365250,Salaried,621,28,Male,Married,South,Bengaluru,Rejected,No,9905.12,480897.9
L01963,C2963,2025-11-13,Home,1461232,7.6,240,1054898,Business Owner,792,23,Female,Married,North,Jaipur,Approved,No,6551.19,2221072.64
L01964,C2964,2025-05-20,Home,1069341,9.2,240,3665759,Business Owner,680,43,Female,Single,South,Bengaluru,Pending,No,4865.5,1967587.44
L01965,C2965,2025-12-03,Home,1867938,8.1,240,1671768,Business Owner,828,28,Male,Married,West,Mumbai,Approved,No,8413.5,3026059.56
L01966,C2966,2025-09-05,Auto,760301,9.0,84,3713109,Salaried,727,57,Male,Married,North,Jaipur,Approved,No,9865.81,478989.63
L01967,C2967,2025-04-28,Auto,1095221,9.6,84,3077519,Self-Employed,619,49,Male,Single,West,Pune,Rejected,No,14290.03,735988.51
L01968,C2968,2025-08-31,Personal,470475,13.3,60,3006125,Salaried,820,44,Female,Married,West,Ahmedabad,Approved,No,8884.14,312865.88
L01969,C2969,2025-07-25,Business,3438476,10.8,180,1895298,Business Owner,655,48,Male,Single,West,Mumbai,Rejected,No,21165.73,5570331.12
L01970,C2970,2025-10-11,Business,3340924,12.2,180,2699122,Business Owner,668,56,Female,Single,West,Pune,Approved,No,20825.09,6113890.92
L01971,C2971,2025-04-10,Personal,426880,11.4,60,4270505,Salaried,663,38,Male,Married,West,Mumbai,Pending,No,7925.74,243321.6
L01972,C2972,2025-04-04,Personal,460048,14.5,60,1070629,Salaried,695,33,Female,Single,East,Patna,Pending,No,8779.25,333534.8
L01973,C2973,2025-05-16,Auto,1051411,10.4,84,2534259,Business Owner,693,37,Female,Single,North,Jaipur,Pending,No,13818.54,765427.21
L01974,C2974,2025-07-07,Auto,881135,9.1,84,1698385,Salaried,795,31,Male,Married,West,Ahmedabad,Approved,No,11444.27,561282.99
L01975,C2975,2025-04-15,Education,502276,7.3,96,1756576,Self-Employed,830,34,Female,Single,West,Pune,Approved,No,5613.98,293329.18
L01976,C2976,2025-09-03,Personal,373773,14.4,60,317616,Business Owner,615,32,Male,Married,North,Jaipur,Rejected,No,7126.61,269116.56
L01977,C2977,2025-10-01,Business,3604415,10.3,180,1738782,Business Owner,666,45,Male,Single,East,Bhubaneswar,Approved,No,22087.05,5568821.17
L01978,C2978,2025-11-01,Home,1926804,8.3,240,895687,Business Owner,835,47,Male,Single,South,Hyderabad,Approved,No,8694.7,3198494.64
L01979,C2979,2025-10-25,Home,1067854,8.2,240,1533420,Salaried,804,27,Male,Married,East,Patna,Approved,No,4814.24,1751280.56
L01980,C2980,2025-08-01,Personal,155263,13.5,60,1902314,Business Owner,620,35,Male,Married,East,Kolkata,Rejected,No,2937.06,104802.53
L01981,C2981,2025-11-06,Business,1608443,10.1,180,3580874,Business Owner,827,49,Female,Married,South,Chennai,Approved,No,9838.31,2436791.15
L01982,C2982,2025-10-01,Home,1967126,7.5,240,2698450,Self-Employed,621,25,Female,Single,North,Delhi,Rejected,No,8811.09,2950689.0
L01983,C2983,2025-01-15,Auto,793394,9.9,84,2592275,Self-Employed,716,41,Female,Single,South,Hyderabad,Approved,No,10380.24,549822.04
L01984,C2984,2025-05-20,Business,2135580,12.2,180,4784903,Business Owner,817,55,Male,Single,West,Ahmedabad,Approved,No,13311.78,3908111.4
L01985,C2985,2025-07-16,Personal,126651,13.5,60,767034,Self-Employed,849,21,Female,Married,North,Jaipur,Approved,No,2395.81,85489.42
L01986,C2986,2025-07-14,Education,285865,7.8,96,3595010,Self-Employed,604,39,Male,Married,East,Bhubaneswar,Rejected,No,3210.03,178379.76
L01987,C2987,2025-08-21,Auto,1124367,8.8,84,2761171,Business Owner,615,58,Female,Married,South,Bengaluru,Rejected,No,14563.23,692610.07
L01988,C2988,2025-06-19,Education,709440,8.5,96,3341050,Salaried,798,31,Male,Single,West,Ahmedabad,Approved,No,8018.15,482419.2
L01989,C2989,2025-12-18,Education,378150,7.4,96,730993,Self-Employed,621,41,Male,Married,East,Bhubaneswar,Rejected,No,4230.55,223864.8
L01990,C2990,2025-10-20,Auto,534954,8.6,84,742376,Business Owner,636,26,Male,Single,West,Pune,Rejected,No,6916.19,322042.31
L01991,C2991,2025-12-28,Business,1428518,13.0,180,2983338,Salaried,720,42,Male,Single,South,Bengaluru,Approved,No,8967.92,2785610.1
L01992,C2992,2025-07-28,Auto,475719,8.5,84,1397573,Salaried,785,25,Female,Single,West,Mumbai,Approved,No,6144.7,283052.8
L01993,C2993,2025-02-13,Personal,329126,11.3,60,4672808,Self-Employed,645,24,Male,Married,South,Bengaluru,Rejected,No,6105.29,185956.19
L01994,C2994,2025-08-30,Business,864221,12.4,180,3434861,Business Owner,674,55,Male,Married,South,Chennai,Approved,Yes,5396.58,1607451.06
L01995,C2995,2025-08-22,Business,2536430,12.3,180,2315743,Self-Employed,838,40,Female,Single,North,Delhi,Approved,No,15824.5,4679713.35
L01996,C2996,2025-07-15,Business,2615037,12.3,180,787986,Business Owner,653,34,Female,Single,East,Bhubaneswar,Rejected,No,16314.93,4824743.27
L01997,C2997,2025-06-09,Home,1367464,8.8,240,4807670,Business Owner,758,54,Female,Single,South,Chennai,Approved,No,6199.17,2406736.64
L01998,C2998,2025-06-06,Home,1850249,7.5,240,1501719,Business Owner,696,51,Female,Married,North,Jaipur,Pending,No,8287.57,2775373.5
L01999,C2999,2025-09-02,Auto,442406,9.1,84,2352553,Salaried,788,43,Male,Married,North,Jaipur,Approved,No,5746.01,281812.62
L02000,C3000,2025-02-13,Auto,784543,9.0,84,4555098,Business Owner,758,58,Female,Single,South,Chennai,Approved,No,10180.38,494262.09
